{
    "final_train_loss": 2.4097378067940903e-05,
    "final_test_loss": 0.333158016204834,
    "final_train_acc": 100.0,
    "final_test_acc": 93.5,
    "num_epochs": 100,
    "hidden_dim": 16384
}