{
    "final_train_loss": 0.00027366278496069403,
    "final_test_loss": 0.3551679663360119,
    "final_train_acc": 100.0,
    "final_test_acc": 93.0,
    "num_epochs": 100,
    "hidden_dim": 256
}