{
    "final_train_loss": 1.5703722825632074e-05,
    "final_test_loss": 0.2999626286327839,
    "final_train_acc": 100.0,
    "final_test_acc": 95.0,
    "num_epochs": 100,
    "hidden_dim": 32768
}