{
    "final_train_loss": 0.005006582995590109,
    "final_test_loss": 0.38078343868255615,
    "final_train_acc": 100.0,
    "final_test_acc": 91.5,
    "num_epochs": 100,
    "hidden_dim": 16
}