{
    "final_train_loss": 0.00010291986109223217,
    "final_test_loss": 0.379779489710927,
    "final_train_acc": 100.0,
    "final_test_acc": 92.5,
    "num_epochs": 100,
    "hidden_dim": 1024
}