{
    "final_train_loss": 1.2975687311084654e-05,
    "final_test_loss": 0.3342635855078697,
    "final_train_acc": 100.0,
    "final_test_acc": 94.0,
    "num_epochs": 100,
    "hidden_dim": 65536
}