{
    "final_train_loss": 1.0172866574761267e-08,
    "final_test_loss": 16.089742422103882,
    "final_train_acc": 100.0,
    "final_test_acc": 92.5,
    "num_epochs": 100,
    "hidden_dim": 2097152
}