{
    "final_train_loss": 1.232208050978738e-08,
    "final_test_loss": 5.529050827026367,
    "final_train_acc": 100.0,
    "final_test_acc": 89.0,
    "num_epochs": 100,
    "hidden_dim": 524288
}