{
    "final_train_loss": 0.030690792231605604,
    "final_test_loss": 0.5676407068967819,
    "final_train_acc": 100.0,
    "final_test_acc": 85.5,
    "num_epochs": 100,
    "hidden_dim": 8
}