{
    "final_train_loss": 5.9758268050175575e-06,
    "final_test_loss": 0.4439268819987774,
    "final_train_acc": 100.0,
    "final_test_acc": 92.0,
    "num_epochs": 100,
    "hidden_dim": 131072
}