{
    "final_train_loss": 1.613313743879903e-07,
    "final_test_loss": 1.1409707320854068,
    "final_train_acc": 100.0,
    "final_test_acc": 92.0,
    "num_epochs": 100,
    "hidden_dim": 262144
}