{
    "final_train_loss": 0.0006113562312048788,
    "final_test_loss": 0.37704692780971527,
    "final_train_acc": 100.0,
    "final_test_acc": 91.5,
    "num_epochs": 100,
    "hidden_dim": 128
}