{
    "final_train_loss": 1.0948957782238722,
    "final_test_loss": 1.2345031648874283,
    "final_train_acc": 62.925,
    "final_test_acc": 56.3,
    "num_epochs": 100,
    "hidden_dim": 3,
    "samples": 4000,
    "num_parameters": 2395
}