{
    "final_train_loss": 0.17408900149166584,
    "final_test_loss": 0.3489373493939638,
    "final_train_acc": 95.45,
    "final_test_acc": 89.3,
    "num_epochs": 100,
    "hidden_dim": 22,
    "samples": 4000,
    "num_parameters": 17500
}