{
    "final_train_loss": 0.024641009309561923,
    "final_test_loss": 0.27651188150048256,
    "final_train_acc": 99.95,
    "final_test_acc": 91.5,
    "num_epochs": 100,
    "hidden_dim": 240,
    "samples": 4000,
    "num_parameters": 190810
}