{
    "final_train_loss": 0.18494286201894283,
    "final_test_loss": 0.3554843068122864,
    "final_train_acc": 94.925,
    "final_test_acc": 89.1,
    "num_epochs": 100,
    "hidden_dim": 20,
    "samples": 4000,
    "num_parameters": 15910
}