{
    "final_train_loss": 0.012409315211698413,
    "final_test_loss": 0.25990094244480133,
    "final_train_acc": 100.0,
    "final_test_acc": 92.9,
    "num_epochs": 100,
    "hidden_dim": 380,
    "samples": 4000,
    "num_parameters": 302110
}