{
    "final_train_loss": 0.06396888522431254,
    "final_test_loss": 0.28144734166562557,
    "final_train_acc": 99.0,
    "final_test_acc": 91.1,
    "num_epochs": 100,
    "hidden_dim": 100,
    "samples": 4000,
    "num_parameters": 79510
}