{
    "final_train_loss": 0.014262771292123944,
    "final_test_loss": 0.2656928040087223,
    "final_train_acc": 100.0,
    "final_test_acc": 92.6,
    "num_epochs": 100,
    "hidden_dim": 360,
    "samples": 4000,
    "num_parameters": 286210
}