{
    "final_train_loss": 0.8100297469645739,
    "final_test_loss": 0.9475583732128143,
    "final_train_acc": 73.725,
    "final_test_acc": 70.9,
    "num_epochs": 100,
    "hidden_dim": 4,
    "samples": 4000,
    "num_parameters": 3190
}