{
    "final_train_loss": 0.1871680859476328,
    "final_test_loss": 0.3555566817522049,
    "final_train_acc": 94.975,
    "final_test_acc": 89.0,
    "num_epochs": 100,
    "hidden_dim": 18,
    "samples": 4000,
    "num_parameters": 14320
}