{
    "final_train_loss": 0.08848638401832432,
    "final_test_loss": 0.3054067399352789,
    "final_train_acc": 98.375,
    "final_test_acc": 90.3,
    "num_epochs": 100,
    "hidden_dim": 70,
    "samples": 4000,
    "num_parameters": 55660
}