{
    "final_train_loss": 0.19630274712108076,
    "final_test_loss": 0.3551562074571848,
    "final_train_acc": 94.825,
    "final_test_acc": 89.7,
    "num_epochs": 100,
    "hidden_dim": 16,
    "samples": 4000,
    "num_parameters": 12730
}