{
    "final_train_loss": 0.011530215007951483,
    "final_test_loss": 0.2657146193087101,
    "final_train_acc": 100.0,
    "final_test_acc": 92.3,
    "num_epochs": 100,
    "hidden_dim": 420,
    "samples": 4000,
    "num_parameters": 333910
}