{
    "final_train_loss": 0.07215570204425603,
    "final_test_loss": 0.2960534766316414,
    "final_train_acc": 98.825,
    "final_test_acc": 90.4,
    "num_epochs": 100,
    "hidden_dim": 85,
    "samples": 4000,
    "num_parameters": 67585
}