{
    "final_train_loss": 0.01900265403673984,
    "final_test_loss": 0.2731304354965687,
    "final_train_acc": 99.975,
    "final_test_acc": 92.3,
    "num_epochs": 100,
    "hidden_dim": 320,
    "samples": 4000,
    "num_parameters": 254410
}