{
    "num_epochs": 2000,
    "hidden_dim": 131072,
    "batch_size": 128,
    "samples": 4000,
    "num_parameters": 104202250,
    "loss_function": "mse",
    "epoch500_train_loss": 9.577552691553137e-05,
    "epoch500_test_loss": 0.0129794932436198,
    "epoch1000_train_loss": 2.658253225717999e-05,
    "epoch1000_test_loss": 0.012705507804639637,
    "epoch1500_train_loss": 1.617484471694297e-05,
    "epoch1500_test_loss": 0.012678912724368274,
    "epoch2000_train_loss": 1.5607588295551977e-05,
    "epoch2000_test_loss": 0.012714980752207339
}