{
    "num_epochs": 2000,
    "hidden_dim": 2048,
    "batch_size": 128,
    "samples": 4000,
    "num_parameters": 1628170,
    "loss_function": "mse",
    "epoch500_train_loss": 7.641276010872389e-05,
    "epoch500_test_loss": 0.01749588001985103,
    "epoch1000_train_loss": 5.088276748210774e-05,
    "epoch1000_test_loss": 0.0157442232593894,
    "epoch1500_train_loss": 4.375336936845997e-05,
    "epoch1500_test_loss": 0.0146474982611835,
    "epoch2000_train_loss": 3.7936133594485e-05,
    "epoch2000_test_loss": 0.014073617872782052
}