{
    "num_epochs": 2000,
    "hidden_dim": 2,
    "batch_size": 128,
    "samples": 4000,
    "num_parameters": 1600,
    "loss_function": "mse",
    "epoch500_train_loss": 0.07112425402738154,
    "epoch500_test_loss": 0.07108683232218027,
    "epoch1000_train_loss": 0.07026867545209825,
    "epoch1000_test_loss": 0.07163702417165041,
    "epoch1500_train_loss": 0.07017482165247202,
    "epoch1500_test_loss": 0.07269357331097126,
    "epoch2000_train_loss": 0.07007777877151966,
    "epoch2000_test_loss": 0.07370272278785706
}