{
    "num_epochs": 2000,
    "hidden_dim": 512,
    "batch_size": 128,
    "samples": 4000,
    "num_parameters": 407050,
    "loss_function": "mse",
    "epoch500_train_loss": 3.995786858013162e-05,
    "epoch500_test_loss": 0.01983052771538496,
    "epoch1000_train_loss": 5.8280356483919604e-05,
    "epoch1000_test_loss": 0.019198700436390936,
    "epoch1500_train_loss": 4.389684227135149e-05,
    "epoch1500_test_loss": 0.01874611689709127,
    "epoch2000_train_loss": 3.851268485277615e-05,
    "epoch2000_test_loss": 0.01843760220799595
}