{
    "num_epochs": 2000,
    "hidden_dim": 7,
    "batch_size": 128,
    "samples": 4000,
    "num_parameters": 5575,
    "loss_function": "mse",
    "epoch500_train_loss": 0.03666794835589826,
    "epoch500_test_loss": 0.04909331910312176,
    "epoch1000_train_loss": 0.031626211770344526,
    "epoch1000_test_loss": 0.04548173118382692,
    "epoch1500_train_loss": 0.030161971983034164,
    "epoch1500_test_loss": 0.046322559006512165,
    "epoch2000_train_loss": 0.028585000021848828,
    "epoch2000_test_loss": 0.04830073798075318
}