{
    "num_epochs": 2000,
    "hidden_dim": 128,
    "batch_size": 128,
    "samples": 4000,
    "num_parameters": 101770,
    "loss_function": "mse",
    "epoch500_train_loss": 0.0005089538617539802,
    "epoch500_test_loss": 0.024504479952156544,
    "epoch1000_train_loss": 0.0001206540139264689,
    "epoch1000_test_loss": 0.027063686400651932,
    "epoch1500_train_loss": 4.832016088585078e-05,
    "epoch1500_test_loss": 0.028164426097646356,
    "epoch2000_train_loss": 2.81021000319015e-05,
    "epoch2000_test_loss": 0.028384832199662924
}