{
    "num_epochs": 2000,
    "hidden_dim": 25,
    "batch_size": 128,
    "samples": 4000,
    "num_parameters": 19885,
    "loss_function": "mse",
    "epoch500_train_loss": 0.005366250770748593,
    "epoch500_test_loss": 0.0243779260199517,
    "epoch1000_train_loss": 0.0029071939788991585,
    "epoch1000_test_loss": 0.03128683613613248,
    "epoch1500_train_loss": 0.0018890092214860488,
    "epoch1500_test_loss": 0.03861585375852883,
    "epoch2000_train_loss": 0.0014197913151292596,
    "epoch2000_test_loss": 0.04568136343732476
}