{
    "num_epochs": 2000,
    "hidden_dim": 24000,
    "batch_size": 128,
    "samples": 4000,
    "num_parameters": 19080010,
    "loss_function": "mse",
    "epoch500_train_loss": 0.00010297575454387697,
    "epoch500_test_loss": 0.013141457224264741,
    "epoch1000_train_loss": 3.5347379423456005e-05,
    "epoch1000_test_loss": 0.012749763671308756,
    "epoch1500_train_loss": 2.3352186474312475e-05,
    "epoch1500_test_loss": 0.012723013758659363,
    "epoch2000_train_loss": 1.6700070261777e-05,
    "epoch2000_test_loss": 0.012711492599919438
}