{
    "num_epochs": 2000,
    "hidden_dim": 65536,
    "batch_size": 128,
    "samples": 4000,
    "num_parameters": 52101130,
    "loss_function": "mse",
    "epoch500_train_loss": 8.316080072745535e-05,
    "epoch500_test_loss": 0.012965296627953649,
    "epoch1000_train_loss": 3.0765148324007896e-05,
    "epoch1000_test_loss": 0.012721611419692636,
    "epoch1500_train_loss": 1.8700540664440268e-05,
    "epoch1500_test_loss": 0.012690692790783942,
    "epoch2000_train_loss": 2.065488166635987e-05,
    "epoch2000_test_loss": 0.012716537457890809
}