{
    "num_epochs": 2000,
    "hidden_dim": 28,
    "batch_size": 128,
    "samples": 4000,
    "num_parameters": 22270,
    "loss_function": "mse",
    "epoch500_train_loss": 0.0050371797260595486,
    "epoch500_test_loss": 0.02381735434755683,
    "epoch1000_train_loss": 0.0031666274880990386,
    "epoch1000_test_loss": 0.029876682441681623,
    "epoch1500_train_loss": 0.002480522798578022,
    "epoch1500_test_loss": 0.03429615334607661,
    "epoch2000_train_loss": 0.0021434931659314316,
    "epoch2000_test_loss": 0.03760844189673662
}