{
    "num_epochs": 2000,
    "hidden_dim": 64,
    "batch_size": 128,
    "samples": 4000,
    "num_parameters": 50890,
    "loss_function": "mse",
    "epoch500_train_loss": 0.001967352545761969,
    "epoch500_test_loss": 0.024114810163155198,
    "epoch1000_train_loss": 0.0007696761222177884,
    "epoch1000_test_loss": 0.028788926545530558,
    "epoch1500_train_loss": 0.0004574751656036824,
    "epoch1500_test_loss": 0.0321557882707566,
    "epoch2000_train_loss": 0.0003218441383978643,
    "epoch2000_test_loss": 0.03461626102216542
}