{
    "num_epochs": 2000,
    "hidden_dim": 22,
    "batch_size": 128,
    "samples": 4000,
    "num_parameters": 17500,
    "loss_function": "mse",
    "epoch500_train_loss": 0.005983258517517243,
    "epoch500_test_loss": 0.023344707675278187,
    "epoch1000_train_loss": 0.003484066328383051,
    "epoch1000_test_loss": 0.028689406346529722,
    "epoch1500_train_loss": 0.002302596029039705,
    "epoch1500_test_loss": 0.03547771507874131,
    "epoch2000_train_loss": 0.0017505716441519326,
    "epoch2000_test_loss": 0.04232214530929923
}