{
    "num_epochs": 2000,
    "hidden_dim": 23,
    "batch_size": 128,
    "samples": 4000,
    "num_parameters": 18295,
    "loss_function": "mse",
    "epoch500_train_loss": 0.005630463041597977,
    "epoch500_test_loss": 0.023604206973686814,
    "epoch1000_train_loss": 0.0032874066528165713,
    "epoch1000_test_loss": 0.030516175320371985,
    "epoch1500_train_loss": 0.0023939371640153695,
    "epoch1500_test_loss": 0.03667300404049456,
    "epoch2000_train_loss": 0.0017941469141078414,
    "epoch2000_test_loss": 0.041680388152599335
}