{
    "num_epochs": 2000,
    "hidden_dim": 10,
    "batch_size": 128,
    "samples": 4000,
    "num_parameters": 7960,
    "loss_function": "mse",
    "epoch500_train_loss": 0.014388101262738928,
    "epoch500_test_loss": 0.03139397408813238,
    "epoch1000_train_loss": 0.012384114728774875,
    "epoch1000_test_loss": 0.03441040450707078,
    "epoch1500_train_loss": 0.010670710224076174,
    "epoch1500_test_loss": 0.03705535223707557,
    "epoch2000_train_loss": 0.008913748984923586,
    "epoch2000_test_loss": 0.03784957202151418
}