{
    "num_epochs": 2000,
    "hidden_dim": 14,
    "batch_size": 128,
    "samples": 4000,
    "num_parameters": 11140,
    "loss_function": "mse",
    "epoch500_train_loss": 0.010406556888483465,
    "epoch500_test_loss": 0.02757337619550526,
    "epoch1000_train_loss": 0.006281341615249403,
    "epoch1000_test_loss": 0.029560378519818187,
    "epoch1500_train_loss": 0.00510484041296877,
    "epoch1500_test_loss": 0.033046004362404346,
    "epoch2000_train_loss": 0.004561215206194902,
    "epoch2000_test_loss": 0.03643868025392294
}