{
    "num_epochs": 2000,
    "hidden_dim": 8192,
    "batch_size": 128,
    "samples": 4000,
    "num_parameters": 6512650,
    "loss_function": "mse",
    "epoch500_train_loss": 0.00014656301254944992,
    "epoch500_test_loss": 0.014737737132236362,
    "epoch1000_train_loss": 3.9900404203763173e-05,
    "epoch1000_test_loss": 0.013222048175521195,
    "epoch1500_train_loss": 2.9510219178519037e-05,
    "epoch1500_test_loss": 0.01301742740906775,
    "epoch2000_train_loss": 1.4266999755818688e-05,
    "epoch2000_test_loss": 0.01287367520853877
}