{
    "final_train_loss": 0.03276556875789538,
    "final_test_loss": 0.8810715898871422,
    "final_train_acc": 99.675,
    "final_test_acc": 82.4,
    "num_epochs": 2000,
    "hidden_dim": 6,
    "samples": 4000,
    "num_parameters": 4780
}