{
    "final_train_loss": 9.837093882525405e-09,
    "final_test_loss": 0.7766339145600796,
    "final_train_acc": 100.0,
    "final_test_acc": 92.6,
    "num_epochs": 2000,
    "hidden_dim": 920,
    "samples": 4000,
    "num_parameters": 731410
}