{
    "final_train_loss": 2.0249446462949905e-06,
    "final_test_loss": 0.7596556693315506,
    "final_train_acc": 100.0,
    "final_test_acc": 92.9,
    "num_epochs": 2000,
    "hidden_dim": 2100,
    "samples": 4000,
    "num_parameters": 1669510
}