{
    "final_train_loss": 0.2436827423516661,
    "final_test_loss": 0.9767418727278709,
    "final_train_acc": 93.425,
    "final_test_acc": 76.7,
    "num_epochs": 2000,
    "hidden_dim": 4,
    "samples": 4000,
    "num_parameters": 3190
}