{
    "final_train_loss": 3.0238519010961085e-07,
    "final_test_loss": 0.6639532670378685,
    "final_train_acc": 100.0,
    "final_test_acc": 93.6,
    "num_epochs": 2000,
    "hidden_dim": 4600,
    "samples": 4000,
    "num_parameters": 3657010
}