{
    "final_train_loss": 1.2150819711509442e-07,
    "final_test_loss": 1.0388514921069145,
    "final_train_acc": 100.0,
    "final_test_acc": 91.7,
    "num_epochs": 2000,
    "hidden_dim": 200,
    "samples": 4000,
    "num_parameters": 159010
}