{
    "final_train_loss": 2.9453070676810356e-08,
    "final_test_loss": 0.9059446416795254,
    "final_train_acc": 100.0,
    "final_test_acc": 92.3,
    "num_epochs": 2000,
    "hidden_dim": 340,
    "samples": 4000,
    "num_parameters": 270310
}