{
    "final_train_loss": 9.98261302787018e-09,
    "final_test_loss": 0.7721749022603035,
    "final_train_acc": 100.0,
    "final_test_acc": 92.3,
    "num_epochs": 2000,
    "hidden_dim": 660,
    "samples": 4000,
    "num_parameters": 524710
}