{
    "final_train_loss": 5.878716507479176e-07,
    "final_test_loss": 0.7354806400835514,
    "final_train_acc": 100.0,
    "final_test_acc": 93.3,
    "num_epochs": 2000,
    "hidden_dim": 4100,
    "samples": 4000,
    "num_parameters": 3259510
}