{
    "final_train_loss": 1.0390066550181043e-08,
    "final_test_loss": 0.7836963944137096,
    "final_train_acc": 100.0,
    "final_test_acc": 92.3,
    "num_epochs": 2000,
    "hidden_dim": 680,
    "samples": 4000,
    "num_parameters": 540610
}