{
    "final_train_loss": 1.0652000954902707e-08,
    "final_test_loss": 0.7257047221064568,
    "final_train_acc": 100.0,
    "final_test_acc": 93.1,
    "num_epochs": 2000,
    "hidden_dim": 2000,
    "samples": 4000,
    "num_parameters": 1590010
}