{
    "final_train_loss": 1.1117662221393765e-08,
    "final_test_loss": 0.7484555691480637,
    "final_train_acc": 100.0,
    "final_test_acc": 92.9,
    "num_epochs": 2000,
    "hidden_dim": 780,
    "samples": 4000,
    "num_parameters": 620110
}