{
    "final_train_loss": 3.678374697613229e-07,
    "final_test_loss": 0.7188202179968357,
    "final_train_acc": 100.0,
    "final_test_acc": 93.3,
    "num_epochs": 2000,
    "hidden_dim": 3700,
    "samples": 4000,
    "num_parameters": 2941510
}