{
    "final_train_loss": 1.4878964540374073e-06,
    "final_test_loss": 0.7277882248163223,
    "final_train_acc": 100.0,
    "final_test_acc": 93.1,
    "num_epochs": 2000,
    "hidden_dim": 3400,
    "samples": 4000,
    "num_parameters": 2703010
}