{
    "final_train_loss": 1.1699738830528439e-08,
    "final_test_loss": 0.7358122132718563,
    "final_train_acc": 100.0,
    "final_test_acc": 92.3,
    "num_epochs": 2000,
    "hidden_dim": 860,
    "samples": 4000,
    "num_parameters": 683710
}