{
    "final_train_loss": 1.0681104792298335e-08,
    "final_test_loss": 0.726540345698595,
    "final_train_acc": 100.0,
    "final_test_acc": 92.4,
    "num_epochs": 2000,
    "hidden_dim": 760,
    "samples": 4000,
    "num_parameters": 604210
}