{
    "final_train_loss": 8.41100626300384e-09,
    "final_test_loss": 1.4808978959918022,
    "final_train_acc": 100.0,
    "final_test_acc": 89.2,
    "num_epochs": 2000,
    "hidden_dim": 23,
    "samples": 4000,
    "num_parameters": 18295
}