{
    "final_train_loss": 3.364401503225256e-08,
    "final_test_loss": 0.8750259652733803,
    "final_train_acc": 100.0,
    "final_test_acc": 92.3,
    "num_epochs": 2000,
    "hidden_dim": 320,
    "samples": 4000,
    "num_parameters": 254410
}