{
    "final_train_loss": 3.2338710595769538e-06,
    "final_test_loss": 0.8071939237415791,
    "final_train_acc": 100.0,
    "final_test_acc": 92.2,
    "num_epochs": 2000,
    "hidden_dim": 2400,
    "samples": 4000,
    "num_parameters": 1908010
}