{
    "final_train_loss": 1.1229587064676139e-06,
    "final_test_loss": 0.7432831376791,
    "final_train_acc": 100.0,
    "final_test_acc": 93.0,
    "num_epochs": 2000,
    "hidden_dim": 2500,
    "samples": 4000,
    "num_parameters": 1987510
}