{
    "final_train_loss": 9.400536488124445e-09,
    "final_test_loss": 0.7258608303964138,
    "final_train_acc": 100.0,
    "final_test_acc": 92.8,
    "num_epochs": 2000,
    "hidden_dim": 1000,
    "samples": 4000,
    "num_parameters": 795010
}