{
    "final_train_loss": 6.525112628830154e-07,
    "final_test_loss": 0.7682184688746929,
    "final_train_acc": 100.0,
    "final_test_acc": 93.0,
    "num_epochs": 2000,
    "hidden_dim": 4500,
    "samples": 4000,
    "num_parameters": 3577510
}