{
    "final_train_loss": 3.4735406909680577e-06,
    "final_test_loss": 0.7245796918869019,
    "final_train_acc": 100.0,
    "final_test_acc": 93.3,
    "num_epochs": 2000,
    "hidden_dim": 1600,
    "samples": 4000,
    "num_parameters": 1272010
}