{
    "final_train_loss": 4.617224415026655e-07,
    "final_test_loss": 0.7037221640348434,
    "final_train_acc": 100.0,
    "final_test_acc": 92.3,
    "num_epochs": 2000,
    "hidden_dim": 3000,
    "samples": 4000,
    "num_parameters": 2385010
}