{
    "final_train_loss": 5.650339287011086e-07,
    "final_test_loss": 0.7754057012498379,
    "final_train_acc": 100.0,
    "final_test_acc": 92.7,
    "num_epochs": 2000,
    "hidden_dim": 4900,
    "samples": 4000,
    "num_parameters": 3895510
}