{
    "final_train_loss": 7.121665551168554e-07,
    "final_test_loss": 0.6691369935870171,
    "final_train_acc": 100.0,
    "final_test_acc": 93.4,
    "num_epochs": 2000,
    "hidden_dim": 3600,
    "samples": 4000,
    "num_parameters": 2862010
}