{
    "final_train_loss": 4.81086042114498e-08,
    "final_test_loss": 0.9866682663559914,
    "final_train_acc": 100.0,
    "final_test_acc": 91.4,
    "num_epochs": 2000,
    "hidden_dim": 400,
    "samples": 4000,
    "num_parameters": 318010
}