{
    "final_train_loss": 0.32179125398397446,
    "final_test_loss": 0.9203584715723991,
    "final_train_acc": 92.875,
    "final_test_acc": 74.1,
    "num_epochs": 2000,
    "hidden_dim": 8,
    "samples": 4000,
    "noise_portion": 0.1
}