{
    "final_train_loss": 1.2472169093058483e-06,
    "final_test_loss": 1.569705843925476,
    "final_train_acc": 100.0,
    "final_test_acc": 81.8,
    "num_epochs": 2000,
    "hidden_dim": 56,
    "samples": 4000,
    "noise_portion": 0.1
}