{
    "final_train_loss": 0.758750669658184,
    "final_test_loss": 1.0027681216597557,
    "final_train_acc": 79.25,
    "final_test_acc": 65.3,
    "num_epochs": 2000,
    "hidden_dim": 4,
    "samples": 4000,
    "noise_portion": 0.1
}