{
    "final_train_loss": 4.496538380527326e-08,
    "final_test_loss": 1.3274478167295456,
    "final_train_acc": 100.0,
    "final_test_acc": 85.6,
    "num_epochs": 2000,
    "hidden_dim": 290,
    "samples": 4000,
    "noise_portion": 0.1
}