{
    "final_train_loss": 3.6903652855801994e-08,
    "final_test_loss": 1.8739606738090515,
    "final_train_acc": 100.0,
    "final_test_acc": 82.1,
    "num_epochs": 2000,
    "hidden_dim": 240,
    "samples": 4000,
    "noise_portion": 0.1
}