{
    "final_train_loss": 3.550666891061205e-08,
    "final_test_loss": 1.7391993403434753,
    "final_train_acc": 100.0,
    "final_test_acc": 82.3,
    "num_epochs": 2000,
    "hidden_dim": 130,
    "samples": 4000,
    "noise_portion": 0.1
}