{
    "final_train_loss": 1.3344759146605156e-06,
    "final_test_loss": 2.000610962510109,
    "final_train_acc": 100.0,
    "final_test_acc": 79.3,
    "num_epochs": 2000,
    "hidden_dim": 48,
    "samples": 4000,
    "noise_portion": 0.1
}