{
    "final_train_loss": 6.286426257329225e-08,
    "final_test_loss": 1.5177112966775894,
    "final_train_acc": 100.0,
    "final_test_acc": 84.5,
    "num_epochs": 2000,
    "hidden_dim": 350,
    "samples": 4000,
    "noise_portion": 0.1
}