{
    "final_train_loss": 3.8792404666310176e-07,
    "final_test_loss": 1.9896169602870941,
    "final_train_acc": 100.0,
    "final_test_acc": 81.5,
    "num_epochs": 2000,
    "hidden_dim": 49,
    "samples": 4000,
    "noise_portion": 0.1
}