{
    "final_train_loss": 2.439770296902566e-07,
    "final_test_loss": 1.4931212291121483,
    "final_train_acc": 100.0,
    "final_test_acc": 83.8,
    "num_epochs": 2000,
    "hidden_dim": 305,
    "samples": 4000,
    "noise_portion": 0.1
}