{
    "final_train_loss": 7.021256838157797e-07,
    "final_test_loss": 1.8807267546653748,
    "final_train_acc": 100.0,
    "final_test_acc": 81.3,
    "num_epochs": 2000,
    "hidden_dim": 52,
    "samples": 4000,
    "noise_portion": 0.1
}