{
    "final_train_loss": 1.140108756292335e-06,
    "final_test_loss": 1.746499463915825,
    "final_train_acc": 100.0,
    "final_test_acc": 83.3,
    "num_epochs": 2000,
    "hidden_dim": 275,
    "samples": 4000,
    "noise_portion": 0.1
}