{
    "final_train_loss": 9.838312962529017e-05,
    "final_test_loss": 1.828918233513832,
    "final_train_acc": 100.0,
    "final_test_acc": 76.6,
    "num_epochs": 2000,
    "hidden_dim": 34,
    "samples": 4000,
    "noise_portion": 0.1
}