{
    "final_train_loss": 3.376043988811972e-08,
    "final_test_loss": 1.9294527173042297,
    "final_train_acc": 100.0,
    "final_test_acc": 82.9,
    "num_epochs": 2000,
    "hidden_dim": 135,
    "samples": 4000,
    "noise_portion": 0.1
}