{
    "final_train_loss": 4.458106417359886e-07,
    "final_test_loss": 1.496554434299469,
    "final_train_acc": 100.0,
    "final_test_acc": 82.8,
    "num_epochs": 2000,
    "hidden_dim": 280,
    "samples": 4000,
    "noise_portion": 0.1
}