{
    "final_train_loss": 1.3282208777964115,
    "final_test_loss": 1.2823337018489838,
    "final_train_acc": 59.175,
    "final_test_acc": 55.8,
    "num_epochs": 2000,
    "hidden_dim": 2,
    "samples": 4000,
    "noise_portion": 0.1
}