{
    "final_train_loss": 1.856240521291852e-07,
    "final_test_loss": 1.7927309721708298,
    "final_train_acc": 100.0,
    "final_test_acc": 83.4,
    "num_epochs": 2000,
    "hidden_dim": 285,
    "samples": 4000,
    "noise_portion": 0.1
}