{
    "final_train_loss": 0.07082303066272289,
    "final_test_loss": 1.286281406879425,
    "final_train_acc": 98.925,
    "final_test_acc": 73.5,
    "num_epochs": 2000,
    "hidden_dim": 14,
    "samples": 4000,
    "noise_portion": 0.1
}