{
    "final_train_loss": 4.409228288038136e-08,
    "final_test_loss": 1.3847324922680855,
    "final_train_acc": 100.0,
    "final_test_acc": 84.9,
    "num_epochs": 2000,
    "hidden_dim": 140,
    "samples": 4000,
    "noise_portion": 0.1
}