{
    "final_train_loss": 6.044863720688909e-08,
    "final_test_loss": 1.9841931462287903,
    "final_train_acc": 100.0,
    "final_test_acc": 81.9,
    "num_epochs": 2000,
    "hidden_dim": 59,
    "samples": 4000,
    "noise_portion": 0.1
}