{
    "final_train_loss": 3.082095342832325e-08,
    "final_test_loss": 2.4268199056386948,
    "final_train_acc": 100.0,
    "final_test_acc": 81.1,
    "num_epochs": 2000,
    "hidden_dim": 90,
    "samples": 4000,
    "noise_portion": 0.1
}