{
    "final_train_loss": 3.40223732520073e-08,
    "final_test_loss": 1.3349824771285057,
    "final_train_acc": 100.0,
    "final_test_acc": 85.3,
    "num_epochs": 2000,
    "hidden_dim": 315,
    "samples": 4000,
    "noise_portion": 0.1
}