{
    "final_train_loss": 3.2212039791090774e-07,
    "final_test_loss": 1.434590294957161,
    "final_train_acc": 100.0,
    "final_test_acc": 84.7,
    "num_epochs": 2000,
    "hidden_dim": 325,
    "samples": 4000,
    "noise_portion": 0.1
}