{
    "final_train_loss": 3.1606756628610455e-08,
    "final_test_loss": 1.8056903332471848,
    "final_train_acc": 100.0,
    "final_test_acc": 81.5,
    "num_epochs": 2000,
    "hidden_dim": 115,
    "samples": 4000,
    "noise_portion": 0.1
}