{
    "final_train_loss": 3.5885019677994734e-08,
    "final_test_loss": 1.3502861186861992,
    "final_train_acc": 100.0,
    "final_test_acc": 83.7,
    "num_epochs": 2000,
    "hidden_dim": 300,
    "samples": 4000,
    "noise_portion": 0.1
}