{
    "final_train_loss": 0.00048202736707025906,
    "final_test_loss": 1.8514613509178162,
    "final_train_acc": 100.0,
    "final_test_acc": 75.4,
    "num_epochs": 2000,
    "hidden_dim": 28,
    "samples": 4000,
    "noise_portion": 0.1
}