{
    "final_train_loss": 4.9767528542687955e-08,
    "final_test_loss": 1.3151609376072884,
    "final_train_acc": 100.0,
    "final_test_acc": 84.4,
    "num_epochs": 2000,
    "hidden_dim": 185,
    "samples": 4000,
    "noise_portion": 0.1
}