{
    "final_train_loss": 6.933227012950738e-06,
    "final_test_loss": 2.3624695986509323,
    "final_train_acc": 100.0,
    "final_test_acc": 77.7,
    "num_epochs": 2000,
    "hidden_dim": 46,
    "samples": 4000,
    "noise_portion": 0.1
}