{
    "final_train_loss": 3.550666838325611e-08,
    "final_test_loss": 1.175847228616476,
    "final_train_acc": 100.0,
    "final_test_acc": 85.2,
    "num_epochs": 2000,
    "hidden_dim": 260,
    "samples": 4000,
    "noise_portion": 0.1
}