{
    "final_train_loss": 1.7913372041267195e-07,
    "final_test_loss": 0.9922888875007629,
    "final_train_acc": 100.0,
    "final_test_acc": 87.2,
    "num_epochs": 2000,
    "hidden_dim": 215,
    "samples": 4000,
    "noise_portion": 0.1
}