{
    "final_train_loss": 8.710733567784956e-08,
    "final_test_loss": 1.1855284720659256,
    "final_train_acc": 100.0,
    "final_test_acc": 85.5,
    "num_epochs": 2000,
    "hidden_dim": 155,
    "samples": 4000,
    "noise_portion": 0.1
}