{
    "final_train_loss": 1.0619976176240442e-07,
    "final_test_loss": 1.559192955493927,
    "final_train_acc": 100.0,
    "final_test_acc": 84.8,
    "num_epochs": 2000,
    "hidden_dim": 75,
    "samples": 4000,
    "noise_portion": 0.1
}