{
    "final_train_loss": 8.509928106636977e-08,
    "final_test_loss": 1.4530453830957413,
    "final_train_acc": 100.0,
    "final_test_acc": 83.9,
    "num_epochs": 2000,
    "hidden_dim": 120,
    "samples": 4000,
    "noise_portion": 0.1
}