{
    "final_train_loss": 4.866159258876124e-08,
    "final_test_loss": 1.8408768773078918,
    "final_train_acc": 100.0,
    "final_test_acc": 83.2,
    "num_epochs": 2000,
    "hidden_dim": 60,
    "samples": 4000,
    "noise_portion": 0.1
}