{
    "final_train_loss": 2.2235297425510225e-07,
    "final_test_loss": 2.021356925368309,
    "final_train_acc": 100.0,
    "final_test_acc": 79.9,
    "num_epochs": 2000,
    "hidden_dim": 53,
    "samples": 4000,
    "noise_portion": 0.1
}