{
    "final_train_loss": 3.565218813228466e-08,
    "final_test_loss": 2.0322298109531403,
    "final_train_acc": 100.0,
    "final_test_acc": 81.1,
    "num_epochs": 2000,
    "hidden_dim": 200,
    "samples": 4000,
    "noise_portion": 0.1
}