{
    "final_train_loss": 2.883662358676986e-06,
    "final_test_loss": 1.6689303070306778,
    "final_train_acc": 100.0,
    "final_test_acc": 83.2,
    "num_epochs": 2000,
    "hidden_dim": 175,
    "samples": 4000,
    "noise_portion": 0.1
}