{
    "final_train_loss": 3.6467094788328325e-08,
    "final_test_loss": 1.4859922751784325,
    "final_train_acc": 100.0,
    "final_test_acc": 84.4,
    "num_epochs": 2000,
    "hidden_dim": 330,
    "samples": 4000,
    "noise_portion": 0.1
}