{
    "final_train_loss": 1.9549020802145378e-07,
    "final_test_loss": 1.6654722094535828,
    "final_train_acc": 100.0,
    "final_test_acc": 82.0,
    "num_epochs": 2000,
    "hidden_dim": 57,
    "samples": 4000,
    "noise_portion": 0.1
}