{
    "final_train_loss": 1.176204968089678e-06,
    "final_test_loss": 1.537794515490532,
    "final_train_acc": 100.0,
    "final_test_acc": 83.3,
    "num_epochs": 2000,
    "hidden_dim": 220,
    "samples": 4000,
    "noise_portion": 0.1
}