{
    "final_train_loss": 1.2502751021159497e-06,
    "final_test_loss": 1.8464190140366554,
    "final_train_acc": 100.0,
    "final_test_acc": 82.1,
    "num_epochs": 2000,
    "hidden_dim": 58,
    "samples": 4000,
    "noise_portion": 0.1
}