{
    "final_train_loss": 0.027609003358520567,
    "final_test_loss": 1.5769898742437363,
    "final_train_acc": 99.775,
    "final_test_acc": 73.8,
    "num_epochs": 2000,
    "hidden_dim": 16,
    "samples": 4000,
    "noise_portion": 0.1
}