{
    "final_train_loss": 0.13146301684901118,
    "final_test_loss": 1.1865009516477585,
    "final_train_acc": 97.35,
    "final_test_acc": 73.1,
    "num_epochs": 2000,
    "hidden_dim": 12,
    "samples": 4000,
    "noise_portion": 0.1
}