{
    "final_train_loss": 0.0003306776820863888,
    "final_test_loss": 1.9601012915372849,
    "final_train_acc": 100.0,
    "final_test_acc": 76.3,
    "num_epochs": 2000,
    "hidden_dim": 26,
    "samples": 4000,
    "noise_portion": 0.1
}