{
    "final_train_loss": 9.717346447501995e-07,
    "final_test_loss": 1.5760707631707191,
    "final_train_acc": 100.0,
    "final_test_acc": 83.8,
    "num_epochs": 2000,
    "hidden_dim": 265,
    "samples": 4000,
    "noise_portion": 0.1
}