{
    "final_train_loss": 3.4924592051677195e-08,
    "final_test_loss": 1.692838415503502,
    "final_train_acc": 100.0,
    "final_test_acc": 83.6,
    "num_epochs": 2000,
    "hidden_dim": 170,
    "samples": 4000,
    "noise_portion": 0.1
}