{
    "final_train_loss": 6.090800321878476e-07,
    "final_test_loss": 1.7714380770921707,
    "final_train_acc": 100.0,
    "final_test_acc": 82.0,
    "num_epochs": 2000,
    "hidden_dim": 235,
    "samples": 4000,
    "noise_portion": 0.1
}