{
    "final_train_loss": 8.247981098108426e-07,
    "final_test_loss": 1.942558377981186,
    "final_train_acc": 100.0,
    "final_test_acc": 79.4,
    "num_epochs": 2000,
    "hidden_dim": 50,
    "samples": 4000,
    "noise_portion": 0.1
}