{
    "final_train_loss": 2.5393394715855777e-06,
    "final_test_loss": 1.8466884642839432,
    "final_train_acc": 100.0,
    "final_test_acc": 81.6,
    "num_epochs": 2000,
    "hidden_dim": 190,
    "samples": 4000,
    "noise_portion": 0.1
}