{
    "final_train_loss": 2.8376230032378658e-08,
    "final_test_loss": 1.926017850637436,
    "final_train_acc": 100.0,
    "final_test_acc": 82.6,
    "num_epochs": 2000,
    "hidden_dim": 95,
    "samples": 4000,
    "noise_portion": 0.1
}