{
    "final_train_loss": 4.225874944419061e-08,
    "final_test_loss": 1.8143222033977509,
    "final_train_acc": 100.0,
    "final_test_acc": 83.1,
    "num_epochs": 2000,
    "hidden_dim": 65,
    "samples": 4000,
    "noise_portion": 0.1
}