{
    "final_train_loss": 3.693275482663516e-08,
    "final_test_loss": 2.011935815215111,
    "final_train_acc": 100.0,
    "final_test_acc": 80.4,
    "num_epochs": 2000,
    "hidden_dim": 195,
    "samples": 4000,
    "noise_portion": 0.1
}