{
    "final_train_loss": 3.4720865571546966e-08,
    "final_test_loss": 1.973780170083046,
    "final_train_acc": 100.0,
    "final_test_acc": 81.3,
    "num_epochs": 2000,
    "hidden_dim": 145,
    "samples": 4000,
    "noise_portion": 0.1
}