{
    "final_train_loss": 0.4932142123579979,
    "final_test_loss": 0.8255933821201324,
    "final_train_acc": 88.225,
    "final_test_acc": 76.9,
    "num_epochs": 2000,
    "hidden_dim": 6,
    "samples": 4000,
    "noise_portion": 0.1
}