{
    "final_train_loss": 1.6045186423951918e-06,
    "final_test_loss": 1.8940479159355164,
    "final_train_acc": 100.0,
    "final_test_acc": 80.4,
    "num_epochs": 2000,
    "hidden_dim": 51,
    "samples": 4000,
    "noise_portion": 0.1
}