{
    "final_train_loss": 3.601592073465554e-07,
    "final_test_loss": 2.4836891889572144,
    "final_train_acc": 100.0,
    "final_test_acc": 78.2,
    "num_epochs": 2000,
    "hidden_dim": 47,
    "samples": 4000,
    "noise_portion": 0.1
}