{
    "final_train_loss": 5.934313335842489e-06,
    "final_test_loss": 1.929623305797577,
    "final_train_acc": 100.0,
    "final_test_acc": 78.5,
    "num_epochs": 2000,
    "hidden_dim": 43,
    "samples": 4000,
    "noise_portion": 0.1
}