{
    "final_train_loss": 3.201420961662649e-08,
    "final_test_loss": 1.4634912684559822,
    "final_train_acc": 100.0,
    "final_test_acc": 85.1,
    "num_epochs": 2000,
    "hidden_dim": 255,
    "samples": 4000,
    "noise_portion": 0.1
}