{
    "final_train_loss": 3.408058177334361e-08,
    "final_test_loss": 1.5249275863170624,
    "final_train_acc": 100.0,
    "final_test_acc": 83.9,
    "num_epochs": 2000,
    "hidden_dim": 165,
    "samples": 4000,
    "noise_portion": 0.1
}