{
    "final_train_loss": 1.4307433726656882e-07,
    "final_test_loss": 1.6090968698263168,
    "final_train_acc": 100.0,
    "final_test_acc": 83.5,
    "num_epochs": 2000,
    "hidden_dim": 335,
    "samples": 4000,
    "noise_portion": 0.1
}