{
    "final_train_loss": 2.764863557547237e-08,
    "final_test_loss": 1.9394378513097763,
    "final_train_acc": 100.0,
    "final_test_acc": 81.4,
    "num_epochs": 2000,
    "hidden_dim": 85,
    "samples": 4000,
    "noise_portion": 0.1
}