{
    "final_train_loss": 2.7997882290353715e-08,
    "final_test_loss": 1.9031727612018585,
    "final_train_acc": 100.0,
    "final_test_acc": 81.2,
    "num_epochs": 2000,
    "hidden_dim": 105,
    "samples": 4000,
    "noise_portion": 0.1
}