{
    "final_train_loss": 6.379558203928326e-08,
    "final_test_loss": 1.9973414242267609,
    "final_train_acc": 100.0,
    "final_test_acc": 82.3,
    "num_epochs": 2000,
    "hidden_dim": 55,
    "samples": 4000,
    "noise_portion": 0.1
}