{
    "final_train_loss": 0.001841552380938083,
    "final_test_loss": 1.66182029992342,
    "final_train_acc": 100.0,
    "final_test_acc": 76.1,
    "num_epochs": 2000,
    "hidden_dim": 24,
    "samples": 4000,
    "noise_portion": 0.1
}