{
    "final_train_loss": 4.021257868913608e-07,
    "final_test_loss": 1.6306037455797195,
    "final_train_acc": 100.0,
    "final_test_acc": 83.5,
    "num_epochs": 2000,
    "hidden_dim": 270,
    "samples": 4000,
    "noise_portion": 0.1
}