{
    "final_train_loss": 3.1664964206257196e-08,
    "final_test_loss": 1.4710079208016396,
    "final_train_acc": 100.0,
    "final_test_acc": 83.7,
    "num_epochs": 2000,
    "hidden_dim": 205,
    "samples": 4000,
    "noise_portion": 0.1
}