{
    "final_train_loss": 4.614101203337384e-07,
    "final_test_loss": 1.400176502764225,
    "final_train_acc": 100.0,
    "final_test_acc": 85.1,
    "num_epochs": 2000,
    "hidden_dim": 340,
    "samples": 4000,
    "noise_portion": 0.1
}