{
    "final_train_loss": 0.0035508653018041514,
    "final_test_loss": 1.6438529044389725,
    "final_train_acc": 100.0,
    "final_test_acc": 75.5,
    "num_epochs": 2000,
    "hidden_dim": 22,
    "samples": 4000,
    "noise_portion": 0.1
}