{
    "final_train_loss": 2.1257369020588612e-07,
    "final_test_loss": 1.1078906878829002,
    "final_train_acc": 100.0,
    "final_test_acc": 86.4,
    "num_epochs": 2000,
    "hidden_dim": 320,
    "samples": 4000,
    "noise_portion": 0.1
}