{
    "final_train_loss": 1.9352101112701803e-06,
    "final_test_loss": 1.8687527477741241,
    "final_train_acc": 100.0,
    "final_test_acc": 80.0,
    "num_epochs": 2000,
    "hidden_dim": 44,
    "samples": 4000,
    "noise_portion": 0.1
}