{
    "final_train_loss": 0.018624127784278244,
    "final_test_loss": 1.5130291730165482,
    "final_train_acc": 99.875,
    "final_test_acc": 75.4,
    "num_epochs": 2000,
    "hidden_dim": 18,
    "samples": 4000,
    "noise_portion": 0.1
}