{
    "final_train_loss": 1.1816149969590128e-07,
    "final_test_loss": 1.45171407610178,
    "final_train_acc": 100.0,
    "final_test_acc": 84.1,
    "num_epochs": 2000,
    "hidden_dim": 295,
    "samples": 4000,
    "noise_portion": 0.1
}