{
    "final_train_loss": 4.200239370533154e-06,
    "final_test_loss": 1.7239190191030502,
    "final_train_acc": 100.0,
    "final_test_acc": 82.6,
    "num_epochs": 2000,
    "hidden_dim": 180,
    "samples": 4000,
    "noise_portion": 0.1
}