{
    "final_train_loss": 3.2421664214465906e-08,
    "final_test_loss": 1.8383618593215942,
    "final_train_acc": 100.0,
    "final_test_acc": 82.5,
    "num_epochs": 2000,
    "hidden_dim": 150,
    "samples": 4000,
    "noise_portion": 0.1
}