{
    "final_train_loss": 4.363228320869439e-07,
    "final_test_loss": 1.755331352353096,
    "final_train_acc": 100.0,
    "final_test_acc": 80.1,
    "num_epochs": 2000,
    "hidden_dim": 245,
    "samples": 4000,
    "noise_portion": 0.1
}