{
    "final_train_loss": 0.0002066470403860876,
    "final_test_loss": 1.8596351444721222,
    "final_train_acc": 100.0,
    "final_test_acc": 78.1,
    "num_epochs": 2000,
    "hidden_dim": 30,
    "samples": 4000,
    "noise_portion": 0.1
}