{
    "final_train_loss": 1.569873293760793e-05,
    "final_test_loss": 1.7752529978752136,
    "final_train_acc": 100.0,
    "final_test_acc": 81.6,
    "num_epochs": 2000,
    "hidden_dim": 42,
    "samples": 4000,
    "noise_portion": 0.1
}