{
    "final_train_loss": 2.9947836766019975e-08,
    "final_test_loss": 1.9733820408582687,
    "final_train_acc": 100.0,
    "final_test_acc": 82.5,
    "num_epochs": 2000,
    "hidden_dim": 80,
    "samples": 4000,
    "noise_portion": 0.1
}