{
    "final_train_loss": 0.20387053349986672,
    "final_test_loss": 1.1611272618174553,
    "final_train_acc": 95.2,
    "final_test_acc": 72.3,
    "num_epochs": 2000,
    "hidden_dim": 10,
    "samples": 4000,
    "noise_portion": 0.1
}