{
    "final_train_loss": 4.0497878561751577e-07,
    "final_test_loss": 2.0870936661958694,
    "final_train_acc": 100.0,
    "final_test_acc": 81.5,
    "num_epochs": 2000,
    "hidden_dim": 45,
    "samples": 4000,
    "noise_portion": 0.1
}