{
    "final_train_loss": 1.448276915994029e-05,
    "final_test_loss": 2.012237384915352,
    "final_train_acc": 100.0,
    "final_test_acc": 80.3,
    "num_epochs": 2000,
    "hidden_dim": 40,
    "samples": 4000,
    "noise_portion": 0.1
}