{
    "final_train_loss": 3.004925368532696e-07,
    "final_test_loss": 0.7091168649494648,
    "final_train_acc": 100.0,
    "final_test_acc": 93.4,
    "num_epochs": 2000,
    "hidden_dim": 4200,
    "samples": 4000,
    "num_parameters": 3339010
}