{
    "final_train_loss": 1.1263181200205086e-08,
    "final_test_loss": 1.175639547407627,
    "final_train_acc": 100.0,
    "final_test_acc": 91.2,
    "num_epochs": 2000,
    "hidden_dim": 80,
    "samples": 4000,
    "num_parameters": 63610
}