{
    "final_train_loss": 1.1816154124599798e-08,
    "final_test_loss": 0.794026106595993,
    "final_train_acc": 100.0,
    "final_test_acc": 92.7,
    "num_epochs": 2000,
    "hidden_dim": 500,
    "samples": 4000,
    "num_parameters": 397510
}