{
    "final_train_loss": 8.448176597175561e-07,
    "final_test_loss": 1.1512626260519028,
    "final_train_acc": 100.0,
    "final_test_acc": 91.6,
    "num_epochs": 2000,
    "hidden_dim": 180,
    "samples": 4000,
    "num_parameters": 143110
}