{
    "final_train_loss": 1.0506481781802357e-08,
    "final_test_loss": 1.3792225494980812,
    "final_train_acc": 100.0,
    "final_test_acc": 90.1,
    "num_epochs": 2000,
    "hidden_dim": 60,
    "samples": 4000,
    "num_parameters": 47710
}