{
    "final_train_loss": 1.1961673304639042e-08,
    "final_test_loss": 0.8076202906668186,
    "final_train_acc": 100.0,
    "final_test_acc": 91.9,
    "num_epochs": 2000,
    "hidden_dim": 720,
    "samples": 4000,
    "num_parameters": 572410
}