{
    "final_train_loss": 1.2344374590023133e-06,
    "final_test_loss": 0.7808358483016491,
    "final_train_acc": 100.0,
    "final_test_acc": 92.8,
    "num_epochs": 2000,
    "hidden_dim": 3200,
    "samples": 4000,
    "num_parameters": 2544010
}