{
    "final_train_loss": 1.431908326632314e-08,
    "final_test_loss": 0.8764595463871956,
    "final_train_acc": 100.0,
    "final_test_acc": 92.1,
    "num_epochs": 2000,
    "hidden_dim": 380,
    "samples": 4000,
    "num_parameters": 302110
}