{
    "final_train_loss": 3.105671837866364e-06,
    "final_test_loss": 0.6878584399819374,
    "final_train_acc": 100.0,
    "final_test_acc": 93.4,
    "num_epochs": 2000,
    "hidden_dim": 2200,
    "samples": 4000,
    "num_parameters": 1749010
}