{
    "final_train_loss": 1.6705596836419367e-08,
    "final_test_loss": 0.8421718776226044,
    "final_train_acc": 100.0,
    "final_test_acc": 92.4,
    "num_epochs": 2000,
    "hidden_dim": 480,
    "samples": 4000,
    "num_parameters": 381610
}