{
    "final_train_loss": 5.697901376167103e-06,
    "final_test_loss": 0.739858228713274,
    "final_train_acc": 100.0,
    "final_test_acc": 92.1,
    "num_epochs": 2000,
    "hidden_dim": 1300,
    "samples": 4000,
    "num_parameters": 1033510
}