{
    "final_train_loss": 2.616608594019354e-06,
    "final_test_loss": 0.8703422322869301,
    "final_train_acc": 100.0,
    "final_test_acc": 91.8,
    "num_epochs": 2000,
    "hidden_dim": 2600,
    "samples": 4000,
    "num_parameters": 2067010
}