{
    "final_train_loss": 5.7896974448024e-07,
    "final_test_loss": 0.6955907680094242,
    "final_train_acc": 100.0,
    "final_test_acc": 92.7,
    "num_epochs": 2000,
    "hidden_dim": 2700,
    "samples": 4000,
    "num_parameters": 2146510
}