{
    "final_train_loss": 8.64383691706605e-09,
    "final_test_loss": 1.4758414700627327,
    "final_train_acc": 100.0,
    "final_test_acc": 90.6,
    "num_epochs": 2000,
    "hidden_dim": 24,
    "samples": 4000,
    "num_parameters": 19090
}