{
    "final_train_loss": 1.056468950516587e-08,
    "final_test_loss": 0.7496670857071877,
    "final_train_acc": 100.0,
    "final_test_acc": 92.1,
    "num_epochs": 2000,
    "hidden_dim": 740,
    "samples": 4000,
    "num_parameters": 588310
}