{
    "final_train_loss": 4.34810987492984e-08,
    "final_test_loss": 0.9273151531815529,
    "final_train_acc": 100.0,
    "final_test_acc": 91.9,
    "num_epochs": 2000,
    "hidden_dim": 280,
    "samples": 4000,
    "num_parameters": 222610
}