{
    "final_train_loss": 1.0419170498598973e-08,
    "final_test_loss": 0.7383267059922218,
    "final_train_acc": 100.0,
    "final_test_acc": 92.6,
    "num_epochs": 2000,
    "hidden_dim": 880,
    "samples": 4000,
    "num_parameters": 699610
}