{
    "final_train_loss": 6.922253031338421e-07,
    "final_test_loss": 0.6926814578473568,
    "final_train_acc": 100.0,
    "final_test_acc": 93.0,
    "num_epochs": 2000,
    "hidden_dim": 2900,
    "samples": 4000,
    "num_parameters": 2305510
}