{
    "final_train_loss": 1.0360962754418779e-08,
    "final_test_loss": 0.7441411353647709,
    "final_train_acc": 100.0,
    "final_test_acc": 92.5,
    "num_epochs": 2000,
    "hidden_dim": 700,
    "samples": 4000,
    "num_parameters": 556510
}