{
    "final_train_loss": 1.1932569377037794e-08,
    "final_test_loss": 1.3279259279370308,
    "final_train_acc": 100.0,
    "final_test_acc": 90.1,
    "num_epochs": 2000,
    "hidden_dim": 95,
    "samples": 4000,
    "num_parameters": 75535
}