{
    "final_train_loss": 1.058075084214849e-06,
    "final_test_loss": 0.7290017008781433,
    "final_train_acc": 100.0,
    "final_test_acc": 93.3,
    "num_epochs": 2000,
    "hidden_dim": 1800,
    "samples": 4000,
    "num_parameters": 1431010
}