{
    "final_train_loss": 6.2530788368792e-07,
    "final_test_loss": 0.7314797006547451,
    "final_train_acc": 100.0,
    "final_test_acc": 93.2,
    "num_epochs": 2000,
    "hidden_dim": 3800,
    "samples": 4000,
    "num_parameters": 3021010
}