{
    "final_train_loss": 9.807990024313096e-09,
    "final_test_loss": 0.7156503051519394,
    "final_train_acc": 100.0,
    "final_test_acc": 93.1,
    "num_epochs": 2000,
    "hidden_dim": 980,
    "samples": 4000,
    "num_parameters": 779110
}