{
    "final_train_loss": 9.469696933273042e-07,
    "final_test_loss": 0.7624123319983482,
    "final_train_acc": 100.0,
    "final_test_acc": 92.7,
    "num_epochs": 2000,
    "hidden_dim": 3100,
    "samples": 4000,
    "num_parameters": 2464510
}