{
    "final_train_loss": 2.657179183629399e-08,
    "final_test_loss": 0.864984754472971,
    "final_train_acc": 100.0,
    "final_test_acc": 92.7,
    "num_epochs": 2000,
    "hidden_dim": 420,
    "samples": 4000,
    "num_parameters": 333910
}