{
    "final_train_loss": 9.170496491073266e-07,
    "final_test_loss": 0.6920969970524311,
    "final_train_acc": 100.0,
    "final_test_acc": 93.4,
    "num_epochs": 2000,
    "hidden_dim": 2300,
    "samples": 4000,
    "num_parameters": 1828510
}