{
    "final_train_loss": 8.317860852868897e-08,
    "final_test_loss": 1.0437414720654488,
    "final_train_acc": 100.0,
    "final_test_acc": 90.7,
    "num_epochs": 2000,
    "hidden_dim": 220,
    "samples": 4000,
    "num_parameters": 174910
}