{
    "final_train_loss": 8.168585128864869e-07,
    "final_test_loss": 0.743792075663805,
    "final_train_acc": 100.0,
    "final_test_acc": 93.2,
    "num_epochs": 2000,
    "hidden_dim": 4000,
    "samples": 4000,
    "num_parameters": 3180010
}