{
    "final_train_loss": 9.379193555980603e-07,
    "final_test_loss": 0.8206667639315128,
    "final_train_acc": 100.0,
    "final_test_acc": 92.5,
    "num_epochs": 2000,
    "hidden_dim": 4700,
    "samples": 4000,
    "num_parameters": 3736510
}