{
    "final_train_loss": 1.2863891507564063e-08,
    "final_test_loss": 0.7781653553247452,
    "final_train_acc": 100.0,
    "final_test_acc": 92.7,
    "num_epochs": 2000,
    "hidden_dim": 1200,
    "samples": 4000,
    "num_parameters": 954010
}