{
    "final_train_loss": 8.963979072906803e-09,
    "final_test_loss": 0.7656062580645084,
    "final_train_acc": 100.0,
    "final_test_acc": 92.3,
    "num_epochs": 2000,
    "hidden_dim": 800,
    "samples": 4000,
    "num_parameters": 636010
}