{
    "final_train_loss": 8.585629249213689e-09,
    "final_test_loss": 1.283946931362152,
    "final_train_acc": 100.0,
    "final_test_acc": 90.7,
    "num_epochs": 2000,
    "hidden_dim": 55,
    "samples": 4000,
    "num_parameters": 43735
}