{
    "final_train_loss": 1.1059454643747024e-08,
    "final_test_loss": 1.5125953927636147,
    "final_train_acc": 100.0,
    "final_test_acc": 89.1,
    "num_epochs": 2000,
    "hidden_dim": 18,
    "samples": 4000,
    "num_parameters": 14320
}