{
    "final_train_loss": 3.576777248825991e-07,
    "final_test_loss": 0.8121733479201794,
    "final_train_acc": 100.0,
    "final_test_acc": 91.8,
    "num_epochs": 2000,
    "hidden_dim": 4400,
    "samples": 4000,
    "num_parameters": 3498010
}