{
    "final_train_loss": 9.953509148841189e-09,
    "final_test_loss": 0.7080417461693287,
    "final_train_acc": 100.0,
    "final_test_acc": 93.2,
    "num_epochs": 2000,
    "hidden_dim": 1700,
    "samples": 4000,
    "num_parameters": 1351510
}