{
    "final_train_loss": 1.09206671083939e-05,
    "final_test_loss": 1.480273313820362,
    "final_train_acc": 100.0,
    "final_test_acc": 87.3,
    "num_epochs": 2000,
    "hidden_dim": 13,
    "samples": 4000,
    "num_parameters": 10345
}