{
    "final_train_loss": 1.036096271972431e-08,
    "final_test_loss": 1.6551512330770493,
    "final_train_acc": 100.0,
    "final_test_acc": 89.0,
    "num_epochs": 2000,
    "hidden_dim": 30,
    "samples": 4000,
    "num_parameters": 23860
}