{
    "final_train_loss": 0.0035068558354396373,
    "final_test_loss": 1.1041573137044907,
    "final_train_acc": 100.0,
    "final_test_acc": 85.5,
    "num_epochs": 2000,
    "hidden_dim": 8,
    "samples": 4000,
    "num_parameters": 6370
}