{
    "final_train_loss": 9.080394373917056e-09,
    "final_test_loss": 1.3206212893128395,
    "final_train_acc": 100.0,
    "final_test_acc": 89.2,
    "num_epochs": 2000,
    "hidden_dim": 22,
    "samples": 4000,
    "num_parameters": 17500
}