{
    "final_train_loss": 1.5628755470342703e-08,
    "final_test_loss": 1.4636079967021942,
    "final_train_acc": 100.0,
    "final_test_acc": 88.7,
    "num_epochs": 2000,
    "hidden_dim": 19,
    "samples": 4000,
    "num_parameters": 15115
}