{
    "final_train_loss": 1.0069924456790336e-08,
    "final_test_loss": 0.835260309278965,
    "final_train_acc": 100.0,
    "final_test_acc": 92.5,
    "num_epochs": 2000,
    "hidden_dim": 580,
    "samples": 4000,
    "num_parameters": 461110
}