{
    "final_train_loss": 1.4202667861229479e-08,
    "final_test_loss": 0.8129217363893986,
    "final_train_acc": 100.0,
    "final_test_acc": 92.3,
    "num_epochs": 2000,
    "hidden_dim": 540,
    "samples": 4000,
    "num_parameters": 429310
}