{
    "final_train_loss": 2.094954746212352e-05,
    "final_test_loss": 1.3646030724048615,
    "final_train_acc": 100.0,
    "final_test_acc": 87.2,
    "num_epochs": 2000,
    "hidden_dim": 11,
    "samples": 4000,
    "num_parameters": 8755
}