{
    "final_train_loss": 1.9790602392988355e-08,
    "final_test_loss": 0.8589688502252102,
    "final_train_acc": 100.0,
    "final_test_acc": 92.8,
    "num_epochs": 2000,
    "hidden_dim": 360,
    "samples": 4000,
    "num_parameters": 286210
}