{
    "final_train_loss": 2.9406476098614576e-07,
    "final_test_loss": 1.4306552782654762,
    "final_train_acc": 100.0,
    "final_test_acc": 88.0,
    "num_epochs": 2000,
    "hidden_dim": 15,
    "samples": 4000,
    "num_parameters": 11935
}