{
    "final_train_loss": 9.778886277123089e-09,
    "final_test_loss": 0.7226469628512859,
    "final_train_acc": 100.0,
    "final_test_acc": 92.2,
    "num_epochs": 2000,
    "hidden_dim": 960,
    "samples": 4000,
    "num_parameters": 763210
}