{
    "final_train_loss": 1.0884831501412062e-08,
    "final_test_loss": 1.2413586527109146,
    "final_train_acc": 100.0,
    "final_test_acc": 90.6,
    "num_epochs": 2000,
    "hidden_dim": 100,
    "samples": 4000,
    "num_parameters": 79510
}