{
    "final_train_loss": 6.642128654310575e-07,
    "final_test_loss": 1.0780713744461536,
    "final_train_acc": 100.0,
    "final_test_acc": 91.7,
    "num_epochs": 2000,
    "hidden_dim": 120,
    "samples": 4000,
    "num_parameters": 95410
}