{
    "final_train_loss": 0.01451700902543962,
    "final_test_loss": 0.9353071749210358,
    "final_train_acc": 100.0,
    "final_test_acc": 85.2,
    "num_epochs": 2000,
    "hidden_dim": 7,
    "samples": 4000,
    "num_parameters": 5575
}