{
    "final_train_loss": 1.1088558397875925e-08,
    "final_test_loss": 1.187095932662487,
    "final_train_acc": 100.0,
    "final_test_acc": 91.4,
    "num_epochs": 2000,
    "hidden_dim": 85,
    "samples": 4000,
    "num_parameters": 67585
}