{
    "final_train_loss": 1.480802138686954e-07,
    "final_test_loss": 1.6092815548181534,
    "final_train_acc": 100.0,
    "final_test_acc": 87.9,
    "num_epochs": 2000,
    "hidden_dim": 14,
    "samples": 4000,
    "num_parameters": 11140
}