{
    "final_train_loss": 9.953509155780083e-09,
    "final_test_loss": 1.2638095244765282,
    "final_train_acc": 100.0,
    "final_test_acc": 90.7,
    "num_epochs": 2000,
    "hidden_dim": 65,
    "samples": 4000,
    "num_parameters": 51685
}