{
    "final_train_loss": 9.546055557141386e-09,
    "final_test_loss": 1.395308829843998,
    "final_train_acc": 100.0,
    "final_test_acc": 88.9,
    "num_epochs": 2000,
    "hidden_dim": 28,
    "samples": 4000,
    "num_parameters": 22270
}