{
    "final_train_loss": 4.7468309283260623e-08,
    "final_test_loss": 0.9492379277944565,
    "final_train_acc": 100.0,
    "final_test_acc": 91.6,
    "num_epochs": 2000,
    "hidden_dim": 240,
    "samples": 4000,
    "num_parameters": 190810
}