{
    "final_train_loss": 1.1234077647304108e-08,
    "final_test_loss": 0.7516770102083683,
    "final_train_acc": 100.0,
    "final_test_acc": 92.1,
    "num_epochs": 2000,
    "hidden_dim": 840,
    "samples": 4000,
    "num_parameters": 667810
}