{
    "final_train_loss": 8.614733079670422e-09,
    "final_test_loss": 1.4712232798337936,
    "final_train_acc": 100.0,
    "final_test_acc": 89.4,
    "num_epochs": 2000,
    "hidden_dim": 27,
    "samples": 4000,
    "num_parameters": 21475
}