{
    "final_train_loss": 1.146690824238572e-08,
    "final_test_loss": 0.8301305882632732,
    "final_train_acc": 100.0,
    "final_test_acc": 91.4,
    "num_epochs": 2000,
    "hidden_dim": 440,
    "samples": 4000,
    "num_parameters": 349810
}