{
    "final_train_loss": 1.0360962782174354e-08,
    "final_test_loss": 0.6881193779408932,
    "final_train_acc": 100.0,
    "final_test_acc": 93.1,
    "num_epochs": 2000,
    "hidden_dim": 940,
    "samples": 4000,
    "num_parameters": 747310
}