{
    "final_train_loss": 9.982612861336726e-09,
    "final_test_loss": 1.5468352660536766,
    "final_train_acc": 100.0,
    "final_test_acc": 88.9,
    "num_epochs": 2000,
    "hidden_dim": 40,
    "samples": 4000,
    "num_parameters": 31810
}