{
    "final_train_loss": 1.4115356210264718e-08,
    "final_test_loss": 0.8109168857336044,
    "final_train_acc": 100.0,
    "final_test_acc": 92.9,
    "num_epochs": 2000,
    "hidden_dim": 600,
    "samples": 4000,
    "num_parameters": 477010
}