{
    "final_train_loss": 9.95350903434944e-09,
    "final_test_loss": 1.384345568716526,
    "final_train_acc": 100.0,
    "final_test_acc": 89.7,
    "num_epochs": 2000,
    "hidden_dim": 29,
    "samples": 4000,
    "num_parameters": 23065
}