{
    "final_train_loss": 0.00012254191676674964,
    "final_test_loss": 1.4133187755942345,
    "final_train_acc": 100.0,
    "final_test_acc": 86.0,
    "num_epochs": 2000,
    "hidden_dim": 10,
    "samples": 4000,
    "num_parameters": 7960
}