{
    "final_train_loss": 1.4697432978993952e-08,
    "final_test_loss": 0.8145246729254723,
    "final_train_acc": 100.0,
    "final_test_acc": 92.0,
    "num_epochs": 2000,
    "hidden_dim": 560,
    "samples": 4000,
    "num_parameters": 445210
}