{
    "final_train_loss": 5.20739137255255e-07,
    "final_test_loss": 1.2082031294703484,
    "final_train_acc": 100.0,
    "final_test_acc": 90.7,
    "num_epochs": 2000,
    "hidden_dim": 160,
    "samples": 4000,
    "num_parameters": 127210
}