{
    "final_train_loss": 9.807990017374202e-09,
    "final_test_loss": 1.390947625041008,
    "final_train_acc": 100.0,
    "final_test_acc": 89.6,
    "num_epochs": 2000,
    "hidden_dim": 45,
    "samples": 4000,
    "num_parameters": 35785
}