{
    "final_train_loss": 1.0244547481164101e-08,
    "final_test_loss": 1.2826171219348907,
    "final_train_acc": 100.0,
    "final_test_acc": 90.3,
    "num_epochs": 2000,
    "hidden_dim": 75,
    "samples": 4000,
    "num_parameters": 59635
}