{
    "final_train_loss": 1.0826623951520897e-08,
    "final_test_loss": 1.1777026057243347,
    "final_train_acc": 100.0,
    "final_test_acc": 90.6,
    "num_epochs": 2000,
    "hidden_dim": 50,
    "samples": 4000,
    "num_parameters": 39760
}