{
    "final_train_loss": 1.0622897256284958e-08,
    "final_test_loss": 0.7508734315633774,
    "final_train_acc": 100.0,
    "final_test_acc": 92.7,
    "num_epochs": 2000,
    "hidden_dim": 900,
    "samples": 4000,
    "num_parameters": 715510
}