{
    "final_train_loss": 3.8620766751318314e-08,
    "final_test_loss": 0.8906443864107132,
    "final_train_acc": 100.0,
    "final_test_acc": 91.9,
    "num_epochs": 2000,
    "hidden_dim": 260,
    "samples": 4000,
    "num_parameters": 206710
}