{
    "final_train_loss": 9.371432588278772e-09,
    "final_test_loss": 1.4511991888284683,
    "final_train_acc": 100.0,
    "final_test_acc": 89.2,
    "num_epochs": 2000,
    "hidden_dim": 26,
    "samples": 4000,
    "num_parameters": 20680
}