{
    "final_train_loss": 3.358577633783e-07,
    "final_test_loss": 1.5628615841269493,
    "final_train_acc": 100.0,
    "final_test_acc": 88.1,
    "num_epochs": 2000,
    "hidden_dim": 16,
    "samples": 4000,
    "num_parameters": 12730
}