{
    "final_train_loss": 1.0681104875565062e-08,
    "final_test_loss": 0.7285479418933392,
    "final_train_acc": 100.0,
    "final_test_acc": 92.0,
    "num_epochs": 2000,
    "hidden_dim": 620,
    "samples": 4000,
    "num_parameters": 492910
}