{
    "final_train_loss": 8.731148304352843e-09,
    "final_test_loss": 1.5784611776471138,
    "final_train_acc": 100.0,
    "final_test_acc": 90.0,
    "num_epochs": 2000,
    "hidden_dim": 20,
    "samples": 4000,
    "num_parameters": 15910
}