{
    "final_train_loss": 1.0302755100444205e-08,
    "final_test_loss": 1.211459506303072,
    "final_train_acc": 100.0,
    "final_test_acc": 91.7,
    "num_epochs": 2000,
    "hidden_dim": 90,
    "samples": 4000,
    "num_parameters": 71560
}