{
    "final_train_loss": 8.818459795723044e-09,
    "final_test_loss": 1.3526402190327644,
    "final_train_acc": 100.0,
    "final_test_acc": 89.8,
    "num_epochs": 2000,
    "hidden_dim": 35,
    "samples": 4000,
    "num_parameters": 27835
}