{
    "final_train_loss": 1.0768416429385308e-08,
    "final_test_loss": 0.7821303866803646,
    "final_train_acc": 100.0,
    "final_test_acc": 92.5,
    "num_epochs": 2000,
    "hidden_dim": 820,
    "samples": 4000,
    "num_parameters": 651910
}