{
    "final_train_loss": 2.7511783133694923e-06,
    "final_test_loss": 0.3037033206783235,
    "final_train_acc": 100.0,
    "final_test_acc": 94.7,
    "num_epochs": 100,
    "hidden_dim": 8192
}