{
    "final_train_loss": 1.705337734588085e-07,
    "final_test_loss": 0.6732866847887635,
    "final_train_acc": 100.0,
    "final_test_acc": 93.7,
    "num_epochs": 100,
    "hidden_dim": 65536
}