{
    "final_train_loss": 1.21061078942379e-05,
    "final_test_loss": 0.28677612636238337,
    "final_train_acc": 100.0,
    "final_test_acc": 94.7,
    "num_epochs": 100,
    "hidden_dim": 1024
}