{
    "final_train_loss": 7.100431914642243e-06,
    "final_test_loss": 0.2983968975022435,
    "final_train_acc": 100.0,
    "final_test_acc": 94.4,
    "num_epochs": 100,
    "hidden_dim": 2048
}