{
    "final_train_loss": 0.00015922410111959343,
    "final_test_loss": 0.426063041202724,
    "final_train_acc": 100.0,
    "final_test_acc": 92.2,
    "num_epochs": 100,
    "hidden_dim": 64
}