{
    "final_train_loss": 3.69610810132202e-05,
    "final_test_loss": 0.3333090031519532,
    "final_train_acc": 100.0,
    "final_test_acc": 93.3,
    "num_epochs": 100,
    "hidden_dim": 256
}