{
    "final_train_loss": 1.440984454524773e-06,
    "final_test_loss": 0.3586180870770477,
    "final_train_acc": 100.0,
    "final_test_acc": 95.2,
    "num_epochs": 100,
    "hidden_dim": 16384
}