{
    "final_train_loss": 4.9525365933992105e-06,
    "final_test_loss": 0.28140092035755515,
    "final_train_acc": 100.0,
    "final_test_acc": 94.7,
    "num_epochs": 100,
    "hidden_dim": 4096
}