{
    "final_train_loss": 1.4939352956122412e-06,
    "final_test_loss": 0.3623796069296077,
    "final_train_acc": 100.0,
    "final_test_acc": 94.1,
    "num_epochs": 100,
    "hidden_dim": 32768
}