{
    "final_train_loss": 5.5583320838408894e-09,
    "final_test_loss": 1.5963918712659506,
    "final_train_acc": 100.0,
    "final_test_acc": 94.6,
    "num_epochs": 100,
    "hidden_dim": 524288
}