{
    "final_train_loss": 0.00037650248919990625,
    "final_test_loss": 0.46655927784740925,
    "final_train_acc": 100.0,
    "final_test_acc": 91.4,
    "num_epochs": 100,
    "hidden_dim": 32
}