{
    "final_train_loss": 1.4064262999892287e-07,
    "final_test_loss": 0.7706186538562179,
    "final_train_acc": 100.0,
    "final_test_acc": 94.2,
    "num_epochs": 100,
    "hidden_dim": 131072
}