{
    "final_train_loss": 0.0010610524332150817,
    "final_test_loss": 1.2992427349090576,
    "final_train_acc": 100.0,
    "final_test_acc": 65.0,
    "num_epochs": 100,
    "hidden_dim": 256
}