{
    "final_train_loss": 5.5859921985756955e-06,
    "final_test_loss": 3.43009614944458,
    "final_train_acc": 100.0,
    "final_test_acc": 50.0,
    "num_epochs": 100,
    "hidden_dim": 32768
}