{
    "final_train_loss": 8.288764519193137e-08,
    "final_test_loss": 13.552507400512695,
    "final_train_acc": 100.0,
    "final_test_acc": 60.0,
    "num_epochs": 100,
    "hidden_dim": 262144
}