{
    "final_train_loss": 0.024002342484891415,
    "final_test_loss": 1.0509090423583984,
    "final_train_acc": 100.0,
    "final_test_acc": 70.0,
    "num_epochs": 100,
    "hidden_dim": 16
}