{
    "final_train_loss": 0.08756840974092484,
    "final_test_loss": 0.9969371557235718,
    "final_train_acc": 100.0,
    "final_test_acc": 75.0,
    "num_epochs": 100,
    "hidden_dim": 8
}