{
    "final_train_loss": 0.00047458268818445504,
    "final_test_loss": 1.3798346519470215,
    "final_train_acc": 100.0,
    "final_test_acc": 65.0,
    "num_epochs": 100,
    "hidden_dim": 512
}