{
    "final_train_loss": 0.0019398945732973516,
    "final_test_loss": 1.1412007808685303,
    "final_train_acc": 100.0,
    "final_test_acc": 65.0,
    "num_epochs": 100,
    "hidden_dim": 128
}