{
    "final_train_loss": 9.732266903483833e-07,
    "final_test_loss": 4.264716148376465,
    "final_train_acc": 100.0,
    "final_test_acc": 60.0,
    "num_epochs": 100,
    "hidden_dim": 65536
}