{
    "final_train_loss": 9.676618356024846e-05,
    "final_test_loss": 1.5117175579071045,
    "final_train_acc": 100.0,
    "final_test_acc": 65.0,
    "num_epochs": 100,
    "hidden_dim": 2048
}