{
    "final_train_loss": 1.0896456359432705e-07,
    "final_test_loss": 36.70037841796875,
    "final_train_acc": 100.0,
    "final_test_acc": 50.0,
    "num_epochs": 100,
    "hidden_dim": 524288
}