{
    "final_train_loss": 4.066323526785709e-05,
    "final_test_loss": 1.6129356622695923,
    "final_train_acc": 100.0,
    "final_test_acc": 65.0,
    "num_epochs": 100,
    "hidden_dim": 4096
}