{
    "final_train_loss": 1.2014024264317413e-07,
    "final_test_loss": 18.279632568359375,
    "final_train_acc": 100.0,
    "final_test_acc": 65.0,
    "num_epochs": 100,
    "hidden_dim": 131072
}