{
    "final_train_loss": 0.00021636491874232888,
    "final_test_loss": 1.4016128778457642,
    "final_train_acc": 100.0,
    "final_test_acc": 65.0,
    "num_epochs": 100,
    "hidden_dim": 1024
}