{
    "final_train_loss": 0.0005948760954197496,
    "final_test_loss": 1.3916637897491455,
    "final_train_acc": 100.0,
    "final_test_acc": 65.0,
    "num_epochs": 100,
    "hidden_dim": 512
}