{
    "final_train_loss": 1.3583275908501946e-06,
    "final_test_loss": 0.29227065201848745,
    "final_train_acc": 100.0,
    "final_test_acc": 94.4,
    "num_epochs": 200,
    "hidden_dim": 15000
}