{
    "final_train_loss": 0.0001067901052920206,
    "final_test_loss": 0.46009563095867634,
    "final_train_acc": 100.0,
    "final_test_acc": 91.0,
    "num_epochs": 200,
    "hidden_dim": 53
}