{
    "final_train_loss": 0.00010278802460561565,
    "final_test_loss": 0.5056049805134535,
    "final_train_acc": 100.0,
    "final_test_acc": 91.1,
    "num_epochs": 200,
    "hidden_dim": 58
}