{
    "final_train_loss": 9.243929444124888e-07,
    "final_test_loss": 0.29956119041889906,
    "final_train_acc": 100.0,
    "final_test_acc": 93.7,
    "num_epochs": 200,
    "hidden_dim": 30000
}