{
    "final_train_loss": 0.00010118147770299402,
    "final_test_loss": 0.4734603799879551,
    "final_train_acc": 100.0,
    "final_test_acc": 92.1,
    "num_epochs": 200,
    "hidden_dim": 55
}