{
    "final_train_loss": 0.00010345123723709548,
    "final_test_loss": 0.4117431193590164,
    "final_train_acc": 100.0,
    "final_test_acc": 92.7,
    "num_epochs": 200,
    "hidden_dim": 59
}