{
    "final_train_loss": 0.00010404413569631288,
    "final_test_loss": 0.5222815573215485,
    "final_train_acc": 100.0,
    "final_test_acc": 91.7,
    "num_epochs": 200,
    "hidden_dim": 52
}