{
    "final_train_loss": 0.00011206593262613751,
    "final_test_loss": 0.43789371475577354,
    "final_train_acc": 100.0,
    "final_test_acc": 92.1,
    "num_epochs": 200,
    "hidden_dim": 48
}