{
    "final_train_loss": 1.982918412579693e-06,
    "final_test_loss": 0.29930945858359337,
    "final_train_acc": 100.0,
    "final_test_acc": 93.9,
    "num_epochs": 200,
    "hidden_dim": 5000
}