{
    "final_train_loss": 1.4119063571627066e-06,
    "final_test_loss": 0.30549431219697,
    "final_train_acc": 100.0,
    "final_test_acc": 94.6,
    "num_epochs": 200,
    "hidden_dim": 20000
}