{
    "final_train_loss": 0.00011620679151747026,
    "final_test_loss": 0.39896273240447044,
    "final_train_acc": 100.0,
    "final_test_acc": 91.5,
    "num_epochs": 200,
    "hidden_dim": 49
}