{
    "final_train_loss": 0.00011591762950047269,
    "final_test_loss": 0.46326054260134697,
    "final_train_acc": 100.0,
    "final_test_acc": 92.0,
    "num_epochs": 200,
    "hidden_dim": 50
}