{
    "final_train_loss": 0.0001148779115283105,
    "final_test_loss": 0.4788128938525915,
    "final_train_acc": 100.0,
    "final_test_acc": 92.1,
    "num_epochs": 200,
    "hidden_dim": 51
}