{
    "final_train_loss": 9.032141144871275e-05,
    "final_test_loss": 0.4991930462419987,
    "final_train_acc": 100.0,
    "final_test_acc": 91.8,
    "num_epochs": 200,
    "hidden_dim": 60
}