{
    "final_train_loss": 1.4958418041999266e-06,
    "final_test_loss": 0.2955004135146737,
    "final_train_acc": 100.0,
    "final_test_acc": 94.4,
    "num_epochs": 200,
    "hidden_dim": 10000
}