{
    "final_train_loss": 0.00015538529123659828,
    "final_test_loss": 0.5646967459470034,
    "final_train_acc": 100.0,
    "final_test_acc": 91.6,
    "num_epochs": 200,
    "hidden_dim": 41
}