{
    "final_train_loss": 0.00012388368145366258,
    "final_test_loss": 0.49243076518177986,
    "final_train_acc": 100.0,
    "final_test_acc": 91.7,
    "num_epochs": 200,
    "hidden_dim": 47
}