{
    "final_train_loss": 0.00015000843086454552,
    "final_test_loss": 0.4744203891605139,
    "final_train_acc": 100.0,
    "final_test_acc": 91.0,
    "num_epochs": 200,
    "hidden_dim": 46
}