{
    "final_train_loss": 1.0282053501953214e-06,
    "final_test_loss": 0.3082606326788664,
    "final_train_acc": 100.0,
    "final_test_acc": 94.6,
    "num_epochs": 200,
    "hidden_dim": 35000
}