{
    "final_train_loss": 0.0001397139602659081,
    "final_test_loss": 0.45826926827430725,
    "final_train_acc": 100.0,
    "final_test_acc": 90.8,
    "num_epochs": 200,
    "hidden_dim": 43
}