{
    "final_train_loss": 8.18280789793846e-07,
    "final_test_loss": 0.291565646417439,
    "final_train_acc": 100.0,
    "final_test_acc": 94.4,
    "num_epochs": 200,
    "hidden_dim": 50000
}