{
    "final_train_loss": 8.934875062038827e-09,
    "final_test_loss": 1.4501439034938812,
    "final_train_acc": 100.0,
    "final_test_acc": 88.7,
    "num_epochs": 2000,
    "hidden_dim": 20,
    "samples": 4000,
    "noise_portion": 0.0
}