{
    "final_train_loss": 1.2034486271961242e-06,
    "final_test_loss": 0.9679576754570007,
    "final_train_acc": 100.0,
    "final_test_acc": 91.5,
    "num_epochs": 2000,
    "hidden_dim": 130,
    "samples": 4000,
    "noise_portion": 0.0
}