{
    "final_train_loss": 1.1362097362965784e-07,
    "final_test_loss": 0.8333169296383858,
    "final_train_acc": 100.0,
    "final_test_acc": 91.8,
    "num_epochs": 2000,
    "hidden_dim": 115,
    "samples": 4000,
    "noise_portion": 0.0
}