{
    "final_train_loss": 1.2671206743419816e-05,
    "final_test_loss": 1.4402269423007965,
    "final_train_acc": 100.0,
    "final_test_acc": 86.0,
    "num_epochs": 2000,
    "hidden_dim": 10,
    "samples": 4000,
    "noise_portion": 0.0
}