{
    "final_train_loss": 1.0099028280308175e-08,
    "final_test_loss": 1.2346268370747566,
    "final_train_acc": 100.0,
    "final_test_acc": 90.7,
    "num_epochs": 2000,
    "hidden_dim": 36,
    "samples": 4000,
    "noise_portion": 0.0
}