{
    "final_train_loss": 1.1728842619351809e-08,
    "final_test_loss": 1.5285285115242004,
    "final_train_acc": 100.0,
    "final_test_acc": 89.3,
    "num_epochs": 2000,
    "hidden_dim": 18,
    "samples": 4000,
    "noise_portion": 0.0
}