{
    "final_train_loss": 8.847563660874247e-09,
    "final_test_loss": 1.2202534787356853,
    "final_train_acc": 100.0,
    "final_test_acc": 90.2,
    "num_epochs": 2000,
    "hidden_dim": 28,
    "samples": 4000,
    "noise_portion": 0.0
}