{
    "final_train_loss": 1.0331858972534302e-08,
    "final_test_loss": 1.1055463775992393,
    "final_train_acc": 100.0,
    "final_test_acc": 90.8,
    "num_epochs": 2000,
    "hidden_dim": 85,
    "samples": 4000,
    "noise_portion": 0.0
}