{
    "final_train_loss": 8.818459809600832e-09,
    "final_test_loss": 1.4933118671178818,
    "final_train_acc": 100.0,
    "final_test_acc": 89.0,
    "num_epochs": 2000,
    "hidden_dim": 22,
    "samples": 4000,
    "noise_portion": 0.0
}