{
    "final_train_loss": 1.1466908193813463e-08,
    "final_test_loss": 1.1005637720227242,
    "final_train_acc": 100.0,
    "final_test_acc": 90.0,
    "num_epochs": 2000,
    "hidden_dim": 95,
    "samples": 4000,
    "noise_portion": 0.0
}