{
    "final_train_loss": 1.0157235906527173e-08,
    "final_test_loss": 1.0709891952574253,
    "final_train_acc": 100.0,
    "final_test_acc": 91.1,
    "num_epochs": 2000,
    "hidden_dim": 60,
    "samples": 4000,
    "noise_portion": 0.0
}