{
    "final_train_loss": 9.749782370338522e-09,
    "final_test_loss": 1.0592741966247559,
    "final_train_acc": 100.0,
    "final_test_acc": 91.1,
    "num_epochs": 2000,
    "hidden_dim": 53,
    "samples": 4000,
    "noise_portion": 0.0
}