{
    "final_train_loss": 6.068140029347191e-08,
    "final_test_loss": 0.7936167828738689,
    "final_train_acc": 100.0,
    "final_test_acc": 92.1,
    "num_epochs": 2000,
    "hidden_dim": 155,
    "samples": 4000,
    "noise_portion": 0.0
}