{
    "final_train_loss": 1.0535585653892454e-08,
    "final_test_loss": 1.0077524222433567,
    "final_train_acc": 100.0,
    "final_test_acc": 92.0,
    "num_epochs": 2000,
    "hidden_dim": 70,
    "samples": 4000,
    "noise_portion": 0.0
}