{
    "final_train_loss": 8.440110055296657e-09,
    "final_test_loss": 1.0953157506883144,
    "final_train_acc": 100.0,
    "final_test_acc": 91.5,
    "num_epochs": 2000,
    "hidden_dim": 30,
    "samples": 4000,
    "noise_portion": 0.0
}