{
    "final_train_loss": 8.118084020569682e-07,
    "final_test_loss": 0.9904918596148491,
    "final_train_acc": 100.0,
    "final_test_acc": 91.4,
    "num_epochs": 2000,
    "hidden_dim": 120,
    "samples": 4000,
    "noise_portion": 0.0
}