{
    "final_train_loss": 3.8204187546853063e-07,
    "final_test_loss": 0.9057731851935387,
    "final_train_acc": 100.0,
    "final_test_acc": 92.1,
    "num_epochs": 2000,
    "hidden_dim": 170,
    "samples": 4000,
    "noise_portion": 0.0
}