{
    "final_train_loss": 1.2206099431200101e-07,
    "final_test_loss": 0.8706162162125111,
    "final_train_acc": 100.0,
    "final_test_acc": 92.1,
    "num_epochs": 2000,
    "hidden_dim": 100,
    "samples": 4000,
    "noise_portion": 0.0
}