{
    "final_train_loss": 9.001800060914888e-08,
    "final_test_loss": 0.8037097342312336,
    "final_train_acc": 100.0,
    "final_test_acc": 92.4,
    "num_epochs": 2000,
    "hidden_dim": 215,
    "samples": 4000,
    "noise_portion": 0.0
}