{
    "final_train_loss": 9.720678553759576e-09,
    "final_test_loss": 1.0730609968304634,
    "final_train_acc": 100.0,
    "final_test_acc": 90.9,
    "num_epochs": 2000,
    "hidden_dim": 41,
    "samples": 4000,
    "noise_portion": 0.0
}