{
    "final_train_loss": 1.2019880944735828e-08,
    "final_test_loss": 1.008585475385189,
    "final_train_acc": 100.0,
    "final_test_acc": 90.7,
    "num_epochs": 2000,
    "hidden_dim": 80,
    "samples": 4000,
    "noise_portion": 0.0
}