{
    "final_train_loss": 1.2834788107318751e-08,
    "final_test_loss": 1.1394924893975258,
    "final_train_acc": 100.0,
    "final_test_acc": 90.3,
    "num_epochs": 2000,
    "hidden_dim": 59,
    "samples": 4000,
    "noise_portion": 0.0
}