{
    "final_train_loss": 4.8777993089110794e-08,
    "final_test_loss": 0.688852109014988,
    "final_train_acc": 100.0,
    "final_test_acc": 93.1,
    "num_epochs": 2000,
    "hidden_dim": 210,
    "samples": 4000,
    "noise_portion": 0.0
}