{
    "final_train_loss": 7.680493241402075e-08,
    "final_test_loss": 0.876872219145298,
    "final_train_acc": 100.0,
    "final_test_acc": 91.1,
    "num_epochs": 2000,
    "hidden_dim": 240,
    "samples": 4000,
    "noise_portion": 0.0
}