{
    "final_train_loss": 1.1024768140632801e-05,
    "final_test_loss": 1.0110983699560165,
    "final_train_acc": 100.0,
    "final_test_acc": 90.5,
    "num_epochs": 2000,
    "hidden_dim": 105,
    "samples": 4000,
    "noise_portion": 0.0
}