{
    "final_train_loss": 9.546055557141386e-09,
    "final_test_loss": 1.1960822567343712,
    "final_train_acc": 100.0,
    "final_test_acc": 91.3,
    "num_epochs": 2000,
    "hidden_dim": 34,
    "samples": 4000,
    "noise_portion": 0.0
}