{
    "final_train_loss": 1.1458149345999757e-07,
    "final_test_loss": 0.8611812628805637,
    "final_train_acc": 100.0,
    "final_test_acc": 92.2,
    "num_epochs": 2000,
    "hidden_dim": 140,
    "samples": 4000,
    "noise_portion": 0.0
}