{
    "final_train_loss": 9.691574744119524e-09,
    "final_test_loss": 1.0319500043988228,
    "final_train_acc": 100.0,
    "final_test_acc": 91.2,
    "num_epochs": 2000,
    "hidden_dim": 48,
    "samples": 4000,
    "noise_portion": 0.0
}