{
    "final_train_loss": 1.1787050259448595e-08,
    "final_test_loss": 1.1141539737582207,
    "final_train_acc": 100.0,
    "final_test_acc": 90.4,
    "num_epochs": 2000,
    "hidden_dim": 110,
    "samples": 4000,
    "noise_portion": 0.0
}