{
    "final_train_loss": 9.691574723302843e-09,
    "final_test_loss": 1.1078743413090706,
    "final_train_acc": 100.0,
    "final_test_acc": 90.8,
    "num_epochs": 2000,
    "hidden_dim": 51,
    "samples": 4000,
    "noise_portion": 0.0
}