{
    "final_train_loss": 0.062260424136184156,
    "final_test_loss": 0.9341856241226196,
    "final_train_acc": 99.075,
    "final_test_acc": 82.4,
    "num_epochs": 2000,
    "hidden_dim": 6,
    "samples": 4000,
    "noise_portion": 0.0
}