{
    "final_train_loss": 9.691574695547267e-09,
    "final_test_loss": 1.1614292860031128,
    "final_train_acc": 100.0,
    "final_test_acc": 90.4,
    "num_epochs": 2000,
    "hidden_dim": 65,
    "samples": 4000,
    "noise_portion": 0.0
}