{
    "final_train_loss": 1.4581017455939094e-08,
    "final_test_loss": 0.77131487429142,
    "final_train_acc": 100.0,
    "final_test_acc": 92.2,
    "num_epochs": 2000,
    "hidden_dim": 235,
    "samples": 4000,
    "noise_portion": 0.0
}