{
    "final_train_loss": 2.4767355638610766e-08,
    "final_test_loss": 0.7029337286949158,
    "final_train_acc": 100.0,
    "final_test_acc": 92.5,
    "num_epochs": 2000,
    "hidden_dim": 250,
    "samples": 4000,
    "noise_portion": 0.0
}