{
    "final_train_loss": 9.54605552938581e-09,
    "final_test_loss": 1.3454558998346329,
    "final_train_acc": 100.0,
    "final_test_acc": 89.2,
    "num_epochs": 2000,
    "hidden_dim": 26,
    "samples": 4000,
    "noise_portion": 0.0
}