{
    "final_train_loss": 7.53789144991579e-09,
    "final_test_loss": 1.075699396431446,
    "final_train_acc": 100.0,
    "final_test_acc": 90.6,
    "num_epochs": 2000,
    "hidden_dim": 46,
    "samples": 4000,
    "noise_portion": 0.0
}