{
    "final_train_loss": 4.062893568801407e-08,
    "final_test_loss": 0.7447340860962868,
    "final_train_acc": 100.0,
    "final_test_acc": 92.2,
    "num_epochs": 2000,
    "hidden_dim": 255,
    "samples": 4000,
    "noise_portion": 0.0
}