{
    "final_train_loss": 9.546055501630235e-09,
    "final_test_loss": 1.0137201249599457,
    "final_train_acc": 100.0,
    "final_test_acc": 91.7,
    "num_epochs": 2000,
    "hidden_dim": 57,
    "samples": 4000,
    "noise_portion": 0.0
}