{
    "final_train_loss": 4.183328876639081e-07,
    "final_test_loss": 0.9978459849953651,
    "final_train_acc": 100.0,
    "final_test_acc": 92.3,
    "num_epochs": 2000,
    "hidden_dim": 150,
    "samples": 4000,
    "noise_portion": 0.0
}