{
    "final_train_loss": 9.982612916847877e-09,
    "final_test_loss": 1.221770517528057,
    "final_train_acc": 100.0,
    "final_test_acc": 90.6,
    "num_epochs": 2000,
    "hidden_dim": 54,
    "samples": 4000,
    "noise_portion": 0.0
}