{
    "final_train_loss": 2.258456929804531e-08,
    "final_test_loss": 0.7413243055343628,
    "final_train_acc": 100.0,
    "final_test_acc": 92.0,
    "num_epochs": 2000,
    "hidden_dim": 225,
    "samples": 4000,
    "noise_portion": 0.0
}