{
    "final_train_loss": 1.1117662131188144e-08,
    "final_test_loss": 1.164691798388958,
    "final_train_acc": 100.0,
    "final_test_acc": 90.8,
    "num_epochs": 2000,
    "hidden_dim": 44,
    "samples": 4000,
    "noise_portion": 0.0
}