{
    "final_train_loss": 9.371432525828727e-09,
    "final_test_loss": 1.089739128947258,
    "final_train_acc": 100.0,
    "final_test_acc": 91.3,
    "num_epochs": 2000,
    "hidden_dim": 50,
    "samples": 4000,
    "noise_portion": 0.0
}