{
    "final_train_loss": 1.8419799929780822e-07,
    "final_test_loss": 1.4567015320062637,
    "final_train_acc": 100.0,
    "final_test_acc": 88.6,
    "num_epochs": 2000,
    "hidden_dim": 12,
    "samples": 4000,
    "noise_portion": 0.0
}