{
    "final_train_loss": 1.0622897131384867e-08,
    "final_test_loss": 1.1813598200678825,
    "final_train_acc": 100.0,
    "final_test_acc": 90.5,
    "num_epochs": 2000,
    "hidden_dim": 45,
    "samples": 4000,
    "noise_portion": 0.0
}