{
    "final_train_loss": 2.3050230654741988e-08,
    "final_test_loss": 0.7483424842357635,
    "final_train_acc": 100.0,
    "final_test_acc": 92.4,
    "num_epochs": 2000,
    "hidden_dim": 260,
    "samples": 4000,
    "noise_portion": 0.0
}