{
    "final_train_loss": 2.47962616606312e-07,
    "final_test_loss": 0.9148518107831478,
    "final_train_acc": 100.0,
    "final_test_acc": 91.0,
    "num_epochs": 2000,
    "hidden_dim": 125,
    "samples": 4000,
    "noise_portion": 0.0
}