{
    "final_train_loss": 3.1228403307714814e-08,
    "final_test_loss": 0.7438071370124817,
    "final_train_acc": 100.0,
    "final_test_acc": 92.3,
    "num_epochs": 2000,
    "hidden_dim": 205,
    "samples": 4000,
    "noise_portion": 0.0
}