{
    "final_train_loss": 8.556525387531932e-09,
    "final_test_loss": 1.2428467497229576,
    "final_train_acc": 100.0,
    "final_test_acc": 90.1,
    "num_epochs": 2000,
    "hidden_dim": 24,
    "samples": 4000,
    "noise_portion": 0.0
}