{
    "final_train_loss": 8.9348752077556e-09,
    "final_test_loss": 1.182434968650341,
    "final_train_acc": 100.0,
    "final_test_acc": 90.5,
    "num_epochs": 2000,
    "hidden_dim": 32,
    "samples": 4000,
    "noise_portion": 0.0
}