{
    "final_train_loss": 1.1612427318341556e-08,
    "final_test_loss": 1.2835320755839348,
    "final_train_acc": 100.0,
    "final_test_acc": 90.6,
    "num_epochs": 2000,
    "hidden_dim": 16,
    "samples": 4000,
    "noise_portion": 0.0
}