{
    "final_train_loss": 3.926105435203553e-08,
    "final_test_loss": 0.7519948743283749,
    "final_train_acc": 100.0,
    "final_test_acc": 92.3,
    "num_epochs": 2000,
    "hidden_dim": 230,
    "samples": 4000,
    "noise_portion": 0.0
}