{
    "final_train_loss": 9.944764328695399e-08,
    "final_test_loss": 0.8305559866130352,
    "final_train_acc": 100.0,
    "final_test_acc": 92.0,
    "num_epochs": 2000,
    "hidden_dim": 175,
    "samples": 4000,
    "noise_portion": 0.0
}