{
    "final_train_loss": 1.0360962768296567e-08,
    "final_test_loss": 1.0456980355083942,
    "final_train_acc": 100.0,
    "final_test_acc": 91.6,
    "num_epochs": 2000,
    "hidden_dim": 90,
    "samples": 4000,
    "noise_portion": 0.0
}