{
    "final_train_loss": 2.1740558631133666e-08,
    "final_test_loss": 0.7209075689315796,
    "final_train_acc": 100.0,
    "final_test_acc": 92.9,
    "num_epochs": 2000,
    "hidden_dim": 165,
    "samples": 4000,
    "noise_portion": 0.0
}