{
    "final_train_loss": 1.1466908200752357e-08,
    "final_test_loss": 0.9411306083202362,
    "final_train_acc": 100.0,
    "final_test_acc": 91.6,
    "num_epochs": 2000,
    "hidden_dim": 52,
    "samples": 4000,
    "noise_portion": 0.0
}