{
    "final_train_loss": 1.3588530645147756e-07,
    "final_test_loss": 0.8138644769787788,
    "final_train_acc": 100.0,
    "final_test_acc": 91.0,
    "num_epochs": 2000,
    "hidden_dim": 200,
    "samples": 4000,
    "noise_portion": 0.0
}