{
    "final_train_loss": 5.803300112683374e-08,
    "final_test_loss": 0.8143269754946232,
    "final_train_acc": 100.0,
    "final_test_acc": 92.0,
    "num_epochs": 2000,
    "hidden_dim": 190,
    "samples": 4000,
    "noise_portion": 0.0
}