{
    "final_train_loss": 9.225913477628467e-09,
    "final_test_loss": 1.0420894660055637,
    "final_train_acc": 100.0,
    "final_test_acc": 91.4,
    "num_epochs": 2000,
    "hidden_dim": 38,
    "samples": 4000,
    "noise_portion": 0.0
}