{
    "final_train_loss": 1.0302755121260887e-08,
    "final_test_loss": 1.220196284353733,
    "final_train_acc": 100.0,
    "final_test_acc": 89.8,
    "num_epochs": 2000,
    "hidden_dim": 42,
    "samples": 4000,
    "noise_portion": 0.0
}