{
    "final_train_loss": 1.0448274238850086e-08,
    "final_test_loss": 1.2437798753380775,
    "final_train_acc": 100.0,
    "final_test_acc": 90.5,
    "num_epochs": 2000,
    "hidden_dim": 49,
    "samples": 4000,
    "noise_portion": 0.0
}