{
    "final_train_loss": 9.92440518654547e-09,
    "final_test_loss": 1.1835136711597443,
    "final_train_acc": 100.0,
    "final_test_acc": 89.8,
    "num_epochs": 2000,
    "hidden_dim": 55,
    "samples": 4000,
    "noise_portion": 0.0
}