{
    "final_train_loss": 3.745661995846472e-08,
    "final_test_loss": 0.7661188207566738,
    "final_train_acc": 100.0,
    "final_test_acc": 92.2,
    "num_epochs": 2000,
    "hidden_dim": 265,
    "samples": 4000,
    "noise_portion": 0.0
}