{
    "final_train_loss": 5.093169408443288e-08,
    "final_test_loss": 1.370377078652382,
    "final_train_acc": 100.0,
    "final_test_acc": 89.8,
    "num_epochs": 2000,
    "hidden_dim": 14,
    "samples": 4000,
    "noise_portion": 0.0
}