{
    "final_train_loss": 9.778886200795256e-09,
    "final_test_loss": 1.0923913419246674,
    "final_train_acc": 100.0,
    "final_test_acc": 90.5,
    "num_epochs": 2000,
    "hidden_dim": 56,
    "samples": 4000,
    "noise_portion": 0.0
}