{
    "final_train_loss": 1.158332342196533e-08,
    "final_test_loss": 1.0650790333747864,
    "final_train_acc": 100.0,
    "final_test_acc": 89.9,
    "num_epochs": 2000,
    "hidden_dim": 75,
    "samples": 4000,
    "noise_portion": 0.0
}