{
    "final_train_loss": 6.685143322249232e-08,
    "final_test_loss": 0.7525960244238377,
    "final_train_acc": 100.0,
    "final_test_acc": 92.3,
    "num_epochs": 2000,
    "hidden_dim": 195,
    "samples": 4000,
    "noise_portion": 0.0
}