{
    "final_train_loss": 1.1263792905956507,
    "final_test_loss": 1.5603740960359573,
    "final_train_acc": 55.975,
    "final_test_acc": 44.2,
    "num_epochs": 2000,
    "hidden_dim": 2,
    "samples": 4000,
    "noise_portion": 0.0
}