{
    "final_train_loss": 1.3169446333449741e-07,
    "final_test_loss": 0.8894094377756119,
    "final_train_acc": 100.0,
    "final_test_acc": 92.6,
    "num_epochs": 2000,
    "hidden_dim": 180,
    "samples": 4000,
    "noise_portion": 0.0
}