{
    "final_train_loss": 0.010589772319421173,
    "final_test_loss": 0.2663781956071034,
    "final_train_acc": 100.0,
    "final_test_acc": 92.8643216080402,
    "num_epochs": 100,
    "hidden_dim": 107
}