{
    "final_train_loss": 0.012279810257256031,
    "final_test_loss": 0.27069156896322966,
    "final_train_acc": 99.9748743718593,
    "final_test_acc": 92.41206030150754,
    "num_epochs": 100,
    "hidden_dim": 102
}