{
    "final_train_loss": 0.013186786422505975,
    "final_test_loss": 0.2837152271531522,
    "final_train_acc": 99.93718592964824,
    "final_test_acc": 92.26130653266331,
    "num_epochs": 100,
    "hidden_dim": 96
}