{
    "final_train_loss": 9.365001460537315e-07,
    "final_test_loss": 0.32736186002148315,
    "final_train_acc": 100.0,
    "final_test_acc": 94.62311557788945,
    "num_epochs": 100,
    "hidden_dim": 100000
}