{
    "final_train_loss": 0.002284903091844171,
    "final_test_loss": 0.2900447034044191,
    "final_train_acc": 100.0,
    "final_test_acc": 93.31658291457286,
    "num_epochs": 100,
    "hidden_dim": 200
}