{
    "final_train_loss": 0.013576304994523525,
    "final_test_loss": 0.28680983697995543,
    "final_train_acc": 99.94974874371859,
    "final_test_acc": 91.85929648241206,
    "num_epochs": 100,
    "hidden_dim": 91
}