{
    "final_train_loss": 0.1299392382800579,
    "final_test_loss": 0.3262722964864224,
    "final_train_acc": 96.41959798994975,
    "final_test_acc": 90.15075376884423,
    "num_epochs": 100,
    "hidden_dim": 14
}