{
    "final_train_loss": 4.1151962755571323e-05,
    "final_test_loss": 0.30251191882416606,
    "final_train_acc": 100.0,
    "final_test_acc": 93.7,
    "num_epochs": 250,
    "hidden_dim": 16384
}