{
    "final_train_loss": 0.00017292189872860614,
    "final_test_loss": 0.28518909541890025,
    "final_train_acc": 100.0,
    "final_test_acc": 93.6,
    "num_epochs": 250,
    "hidden_dim": 8192
}