{
    "final_train_loss": 1.4420370570449103e-06,
    "final_test_loss": 0.3544564791955054,
    "final_train_acc": 100.0,
    "final_test_acc": 93.4,
    "num_epochs": 250,
    "hidden_dim": 262144
}