{
    "final_train_loss": 1.3254669709798662e-05,
    "final_test_loss": 0.317071792203933,
    "final_train_acc": 100.0,
    "final_test_acc": 93.6,
    "num_epochs": 250,
    "hidden_dim": 32768
}