{
    "final_train_loss": 5.783948902190455e-07,
    "final_test_loss": 0.3784108106046915,
    "final_train_acc": 100.0,
    "final_test_acc": 93.4,
    "num_epochs": 250,
    "hidden_dim": 1048576
}