{
    "final_train_loss": 1.335630872892955,
    "final_test_loss": 1.460294485092163,
    "final_train_acc": 54.3,
    "final_test_acc": 45.1,
    "num_epochs": 250,
    "hidden_dim": 4
}