{
    "final_train_loss": 2.68266373517517e-06,
    "final_test_loss": 0.3368153446353972,
    "final_train_acc": 100.0,
    "final_test_acc": 93.4,
    "num_epochs": 250,
    "hidden_dim": 131072
}