{
    "final_train_loss": 0.0009478628764756852,
    "final_test_loss": 0.2709437641315162,
    "final_train_acc": 100.0,
    "final_test_acc": 93.6,
    "num_epochs": 250,
    "hidden_dim": 4096
}