{
    "final_train_loss": 0.09560647447194372,
    "final_test_loss": 0.27703270222991705,
    "final_train_acc": 98.25,
    "final_test_acc": 91.0,
    "num_epochs": 250,
    "hidden_dim": 256
}