{
    "final_train_loss": 8.754709534110184e-07,
    "final_test_loss": 0.3663182156160474,
    "final_train_acc": 100.0,
    "final_test_acc": 93.4,
    "num_epochs": 250,
    "hidden_dim": 524288
}