{
    "final_train_loss": 1.769200186880808,
    "final_test_loss": 1.8218657076358795,
    "final_train_acc": 35.4,
    "final_test_acc": 31.2,
    "num_epochs": 250,
    "hidden_dim": 2
}