{
    "final_train_loss": 0.004839577348089762,
    "final_test_loss": 0.2524877288378775,
    "final_train_acc": 100.0,
    "final_test_acc": 93.1,
    "num_epochs": 250,
    "hidden_dim": 2048
}