{
    "final_train_loss": 0.0006049932879192518,
    "final_test_loss": 0.25438033416867256,
    "final_train_acc": 100.0,
    "final_test_acc": 93.2,
    "num_epochs": 30,
    "hidden_dim": 500
}