{
    "final_train_loss": 5.232771913763408e-05,
    "final_test_loss": 0.3335199560970068,
    "final_train_acc": 100.0,
    "final_test_acc": 94.4,
    "num_epochs": 30,
    "hidden_dim": 12000
}