{
    "final_train_loss": 1.8469695732385077e-06,
    "final_test_loss": 0.5290384157560766,
    "final_train_acc": 100.0,
    "final_test_acc": 94.6,
    "num_epochs": 30,
    "hidden_dim": 200000
}