{
    "final_train_loss": 1.5037547172337354e-05,
    "final_test_loss": 0.331337648909539,
    "final_train_acc": 100.0,
    "final_test_acc": 94.3,
    "num_epochs": 30,
    "hidden_dim": 37000
}