{
    "final_train_loss": 1.9770243486366075e-05,
    "final_test_loss": 0.25680471141822636,
    "final_train_acc": 100.0,
    "final_test_acc": 94.9,
    "num_epochs": 30,
    "hidden_dim": 45000
}