{
    "final_train_loss": 1.739342015962537e-05,
    "final_test_loss": 0.3415828148717992,
    "final_train_acc": 100.0,
    "final_test_acc": 94.4,
    "num_epochs": 30,
    "hidden_dim": 30000
}