{
    "final_train_loss": 8.508947316191293e-05,
    "final_test_loss": 0.24514396442100406,
    "final_train_acc": 100.0,
    "final_test_acc": 94.2,
    "num_epochs": 30,
    "hidden_dim": 4000
}