{
    "final_train_loss": 0.00018798157041254897,
    "final_test_loss": 0.2384506561793387,
    "final_train_acc": 100.0,
    "final_test_acc": 94.2,
    "num_epochs": 30,
    "hidden_dim": 2000
}