{
    "final_train_loss": 0.007263334963439918,
    "final_test_loss": 0.5582627838011831,
    "final_train_acc": 99.75,
    "final_test_acc": 94.7,
    "num_epochs": 30,
    "hidden_dim": 35000
}