{
    "final_train_loss": 2.4224071004092756e-05,
    "final_test_loss": 0.3375349415000528,
    "final_train_acc": 100.0,
    "final_test_acc": 94.8,
    "num_epochs": 30,
    "hidden_dim": 14000
}