{
    "num_epochs": 2000,
    "hidden_dim": 660,
    "batch_size": 128,
    "samples": 4000,
    "num_parameters": 524710,
    "epoch500_train_loss": 2.5570987958190017e-06,
    "epoch500_test_loss": 0.4080082084983587,
    "epoch1000_train_loss": 8.556525472533383e-09,
    "epoch1000_test_loss": 0.5883376933634281,
    "epoch1500_train_loss": 6.932526218639268e-07,
    "epoch1500_test_loss": 0.8569835908710957,
    "epoch2000_train_loss": 1.0186339750861695e-08,
    "epoch2000_test_loss": 0.8068089112639427
}