{
    "num_epochs": 2000,
    "hidden_dim": 75,
    "batch_size": 128,
    "samples": 4000,
    "num_parameters": 59635,
    "epoch500_train_loss": 0.0001826423626880569,
    "epoch500_test_loss": 0.42524346709251404,
    "epoch1000_train_loss": 8.704953058380482e-08,
    "epoch1000_test_loss": 0.6839125715196133,
    "epoch1500_train_loss": 9.429640270008921e-09,
    "epoch1500_test_loss": 0.9280724301934242,
    "epoch2000_train_loss": 1.071020864357175e-08,
    "epoch2000_test_loss": 1.186453528702259
}