{
    "num_epochs": 2000,
    "hidden_dim": 11,
    "batch_size": 128,
    "samples": 4000,
    "num_parameters": 8755,
    "epoch500_train_loss": 0.05650014232378453,
    "epoch500_test_loss": 0.44479546695947647,
    "epoch1000_train_loss": 0.007770436073769815,
    "epoch1000_test_loss": 0.6919862180948257,
    "epoch1500_train_loss": 0.0006551263995788759,
    "epoch1500_test_loss": 1.03401018679142,
    "epoch2000_train_loss": 3.6230275838988746e-05,
    "epoch2000_test_loss": 1.4474133774638176
}