{
    "num_epochs": 2000,
    "hidden_dim": 90,
    "batch_size": 128,
    "samples": 4000,
    "num_parameters": 71560,
    "epoch500_train_loss": 0.0001230835325713997,
    "epoch500_test_loss": 0.521865651011467,
    "epoch1000_train_loss": 5.020409776790302e-08,
    "epoch1000_test_loss": 0.8452503755688667,
    "epoch1500_train_loss": 1.0040820688783647e-08,
    "epoch1500_test_loss": 1.101390764117241,
    "epoch2000_train_loss": 1.0681104840870592e-08,
    "epoch2000_test_loss": 1.3445959612727165
}