{
    "num_epochs": 2000,
    "hidden_dim": 1800,
    "batch_size": 128,
    "samples": 4000,
    "num_parameters": 1431010,
    "epoch500_train_loss": 8.170005809660097e-07,
    "epoch500_test_loss": 0.38184162229299545,
    "epoch1000_train_loss": 1.0652001055516669e-08,
    "epoch1000_test_loss": 0.5500393807888031,
    "epoch1500_train_loss": 1.0064091193751068e-07,
    "epoch1500_test_loss": 0.666915275156498,
    "epoch2000_train_loss": 2.033165653392288e-06,
    "epoch2000_test_loss": 0.7297692447900772
}