{
    "num_epochs": 2000,
    "hidden_dim": 920,
    "batch_size": 128,
    "samples": 4000,
    "num_parameters": 731410,
    "epoch500_train_loss": 1.8376628219129998e-06,
    "epoch500_test_loss": 0.39579389803111553,
    "epoch1000_train_loss": 9.546055550202492e-09,
    "epoch1000_test_loss": 0.5628795120865107,
    "epoch1500_train_loss": 1.4016356164603394e-07,
    "epoch1500_test_loss": 0.6868825014680624,
    "epoch2000_train_loss": 1.0040820667966965e-08,
    "epoch2000_test_loss": 0.7063429988920689
}