{
    "num_epochs": 2000,
    "hidden_dim": 220,
    "batch_size": 128,
    "samples": 4000,
    "num_parameters": 174910,
    "epoch500_train_loss": 1.4595898363722881e-05,
    "epoch500_test_loss": 0.4765062499791384,
    "epoch1000_train_loss": 8.993082833974597e-09,
    "epoch1000_test_loss": 0.7042078152298927,
    "epoch1500_train_loss": 1.2281815300885235e-08,
    "epoch1500_test_loss": 0.9772126525640488,
    "epoch2000_train_loss": 6.114708733795382e-08,
    "epoch2000_test_loss": 1.0572289675474167
}