{
    "num_epochs": 2000,
    "hidden_dim": 19,
    "batch_size": 128,
    "samples": 4000,
    "num_parameters": 15115,
    "epoch500_train_loss": 0.014839984723948874,
    "epoch500_test_loss": 0.4713139049708843,
    "epoch1000_train_loss": 0.0002910700959546375,
    "epoch1000_test_loss": 0.7862959951162338,
    "epoch1500_train_loss": 2.649609122329366e-06,
    "epoch1500_test_loss": 1.1855385825037956,
    "epoch2000_train_loss": 2.0809236722652003e-08,
    "epoch2000_test_loss": 1.5731217414140701
}