{
    "num_epochs": 2000,
    "hidden_dim": 55,
    "batch_size": 128,
    "samples": 4000,
    "num_parameters": 43735,
    "epoch500_train_loss": 0.00041965037507907255,
    "epoch500_test_loss": 0.4466197248548269,
    "epoch1000_train_loss": 2.7645697420197735e-07,
    "epoch1000_test_loss": 0.7380617670714855,
    "epoch1500_train_loss": 8.760252169504046e-09,
    "epoch1500_test_loss": 0.9552974030375481,
    "epoch2000_train_loss": 9.604263162543702e-09,
    "epoch2000_test_loss": 1.193146526813507
}