{
    "num_epochs": 2000,
    "hidden_dim": 460,
    "batch_size": 128,
    "samples": 4000,
    "num_parameters": 365710,
    "epoch500_train_loss": 4.219380642211945e-06,
    "epoch500_test_loss": 0.43212123028934,
    "epoch1000_train_loss": 8.702044605735093e-09,
    "epoch1000_test_loss": 0.6343261562287807,
    "epoch1500_train_loss": 1.1525115882482506e-08,
    "epoch1500_test_loss": 0.8853359222412109,
    "epoch2000_train_loss": 1.8713760575883587e-08,
    "epoch2000_test_loss": 0.8662270344793797
}