{
    "num_epochs": 2000,
    "hidden_dim": 600,
    "batch_size": 128,
    "samples": 4000,
    "num_parameters": 477010,
    "epoch500_train_loss": 2.859160723289733e-06,
    "epoch500_test_loss": 0.38754231482744217,
    "epoch1000_train_loss": 9.196809633293945e-09,
    "epoch1000_test_loss": 0.5658427849411964,
    "epoch1500_train_loss": 6.267318114483444e-07,
    "epoch1500_test_loss": 0.798013586550951,
    "epoch2000_train_loss": 1.1728842647107385e-08,
    "epoch2000_test_loss": 0.756122063845396
}