{
    "num_epochs": 2000,
    "hidden_dim": 820,
    "batch_size": 128,
    "samples": 4000,
    "num_parameters": 651910,
    "epoch500_train_loss": 1.973342602212824e-06,
    "epoch500_test_loss": 0.4074418004602194,
    "epoch1000_train_loss": 9.575159450048165e-09,
    "epoch1000_test_loss": 0.5823622848838568,
    "epoch1500_train_loss": 4.6120086347190004e-07,
    "epoch1500_test_loss": 0.7861141338944435,
    "epoch2000_train_loss": 1.0390066654264452e-08,
    "epoch2000_test_loss": 0.7355626039206982
}