{
    "num_epochs": 2000,
    "hidden_dim": 8,
    "batch_size": 128,
    "samples": 4000,
    "num_parameters": 6370,
    "epoch500_train_loss": 0.11140658054500818,
    "epoch500_test_loss": 0.4467609375715256,
    "epoch1000_train_loss": 0.03837853163713589,
    "epoch1000_test_loss": 0.5817588530480862,
    "epoch1500_train_loss": 0.010391447925940156,
    "epoch1500_test_loss": 0.7726812213659286,
    "epoch2000_train_loss": 0.002255957955640042,
    "epoch2000_test_loss": 1.0181765109300613
}