{
    "num_epochs": 2000,
    "hidden_dim": 7,
    "batch_size": 128,
    "samples": 4000,
    "num_parameters": 5575,
    "epoch500_train_loss": 0.14930641208775342,
    "epoch500_test_loss": 0.5062543749809265,
    "epoch1000_train_loss": 0.07160581205971539,
    "epoch1000_test_loss": 0.6110958866775036,
    "epoch1500_train_loss": 0.03276000381447375,
    "epoch1500_test_loss": 0.7630887478590012,
    "epoch2000_train_loss": 0.013155391105101444,
    "epoch2000_test_loss": 0.9575620219111443
}