{
    "num_epochs": 2000,
    "hidden_dim": 800,
    "batch_size": 128,
    "samples": 4000,
    "num_parameters": 636010,
    "epoch500_train_loss": 2.0490120000715706e-06,
    "epoch500_test_loss": 0.4064563773572445,
    "epoch1000_train_loss": 9.284121142011381e-09,
    "epoch1000_test_loss": 0.5858970321714878,
    "epoch1500_train_loss": 2.2051859616123437e-07,
    "epoch1500_test_loss": 0.7981974221765995,
    "epoch2000_train_loss": 1.071020871296069e-08,
    "epoch2000_test_loss": 0.7666389644145966
}