{
    "num_epochs": 2000,
    "hidden_dim": 23,
    "batch_size": 128,
    "samples": 4000,
    "num_parameters": 18295,
    "epoch500_train_loss": 0.005888275532925036,
    "epoch500_test_loss": 0.42829126864671707,
    "epoch1000_train_loss": 3.089206506956543e-05,
    "epoch1000_test_loss": 0.709267396479845,
    "epoch1500_train_loss": 8.527420092274696e-08,
    "epoch1500_test_loss": 1.0399320647120476,
    "epoch2000_train_loss": 9.051290484479724e-09,
    "epoch2000_test_loss": 1.2932285517454147
}