{
    "num_epochs": 2000,
    "hidden_dim": 1600,
    "batch_size": 128,
    "samples": 4000,
    "num_parameters": 1272010,
    "epoch500_train_loss": 9.327750820631309e-07,
    "epoch500_test_loss": 0.3772269990295172,
    "epoch1000_train_loss": 1.0477378062367926e-08,
    "epoch1000_test_loss": 0.5435668416321278,
    "epoch1500_train_loss": 1.3798089926186918e-07,
    "epoch1500_test_loss": 0.6960527822375298,
    "epoch2000_train_loss": 0.060089951866023006,
    "epoch2000_test_loss": 0.8299393355846405
}