{
    "num_epochs": 2000,
    "hidden_dim": 740,
    "batch_size": 128,
    "samples": 4000,
    "num_parameters": 588310,
    "epoch500_train_loss": 2.3512798712488348e-06,
    "epoch500_test_loss": 0.4044407829642296,
    "epoch1000_train_loss": 8.96397900698731e-09,
    "epoch1000_test_loss": 0.598231453448534,
    "epoch1500_train_loss": 3.2147714990049536e-07,
    "epoch1500_test_loss": 0.809174720197916,
    "epoch2000_train_loss": 9.837093806197572e-09,
    "epoch2000_test_loss": 0.7515546567738056
}