{
    "num_epochs": 2000,
    "hidden_dim": 2100,
    "batch_size": 128,
    "samples": 4000,
    "num_parameters": 1669510,
    "epoch500_train_loss": 6.846079392275328e-07,
    "epoch500_test_loss": 0.38087926991283894,
    "epoch1000_train_loss": 1.1816154173172055e-08,
    "epoch1000_test_loss": 0.5464492999017239,
    "epoch1500_train_loss": 8.75151030463317e-08,
    "epoch1500_test_loss": 0.6958405524492264,
    "epoch2000_train_loss": 1.2848041019974943e-06,
    "epoch2000_test_loss": 0.7612208090722561
}