{
    "num_epochs": 2000,
    "hidden_dim": 680,
    "batch_size": 128,
    "samples": 4000,
    "num_parameters": 540610,
    "epoch500_train_loss": 2.4788101082862113e-06,
    "epoch500_test_loss": 0.3974820747971535,
    "epoch1000_train_loss": 9.31322492042641e-09,
    "epoch1000_test_loss": 0.5733788497745991,
    "epoch1500_train_loss": 4.6830225775007506e-07,
    "epoch1500_test_loss": 0.7793662361800671,
    "epoch2000_train_loss": 9.778886193856362e-09,
    "epoch2000_test_loss": 0.7151548862457275
}