{
    "num_epochs": 2000,
    "hidden_dim": 180,
    "batch_size": 128,
    "samples": 4000,
    "num_parameters": 143110,
    "epoch500_train_loss": 2.0200124794200747e-05,
    "epoch500_test_loss": 0.4581667073071003,
    "epoch1000_train_loss": 9.284121145480828e-09,
    "epoch1000_test_loss": 0.6862222366034985,
    "epoch1500_train_loss": 1.0331858958656515e-08,
    "epoch1500_test_loss": 0.971799660474062,
    "epoch2000_train_loss": 2.4246208052414175e-07,
    "epoch2000_test_loss": 1.1364020593464375
}