{
    "num_epochs": 2000,
    "hidden_dim": 160,
    "batch_size": 128,
    "samples": 4000,
    "num_parameters": 127210,
    "epoch500_train_loss": 2.5608583825942333e-05,
    "epoch500_test_loss": 0.4605915490537882,
    "epoch1000_train_loss": 1.0826623951520897e-08,
    "epoch1000_test_loss": 0.6850016340613365,
    "epoch1500_train_loss": 1.114676603797271e-08,
    "epoch1500_test_loss": 0.9441257379949093,
    "epoch2000_train_loss": 4.682995093929776e-07,
    "epoch2000_test_loss": 1.1167692728340626
}