{
    "num_epochs": 2000,
    "hidden_dim": 95,
    "batch_size": 128,
    "samples": 4000,
    "num_parameters": 75535,
    "epoch500_train_loss": 0.0001009075435831619,
    "epoch500_test_loss": 0.4688909612596035,
    "epoch1000_train_loss": 4.010507292928622e-08,
    "epoch1000_test_loss": 0.7687562443315983,
    "epoch1500_train_loss": 9.895301501805509e-09,
    "epoch1500_test_loss": 1.0302632376551628,
    "epoch2000_train_loss": 1.1612427068541376e-08,
    "epoch2000_test_loss": 1.288984328508377
}