{
    "num_epochs": 2000,
    "hidden_dim": 1100,
    "batch_size": 128,
    "samples": 4000,
    "num_parameters": 874510,
    "epoch500_train_loss": 1.3685723647682835e-06,
    "epoch500_test_loss": 0.39625073969364166,
    "epoch1000_train_loss": 9.633367055450481e-09,
    "epoch1000_test_loss": 0.5743434727191925,
    "epoch1500_train_loss": 1.1478523498364979e-07,
    "epoch1500_test_loss": 0.7362779341638088,
    "epoch2000_train_loss": 1.1525115806154673e-08,
    "epoch2000_test_loss": 0.7352873831987381
}