{
    "num_epochs": 2000,
    "hidden_dim": 580,
    "batch_size": 128,
    "samples": 4000,
    "num_parameters": 461110,
    "epoch500_train_loss": 3.029677220212079e-06,
    "epoch500_test_loss": 0.3939971346408129,
    "epoch1000_train_loss": 8.760252245831879e-09,
    "epoch1000_test_loss": 0.5679744258522987,
    "epoch1500_train_loss": 4.731901097621005e-07,
    "epoch1500_test_loss": 0.7614230439066887,
    "epoch2000_train_loss": 1.158332357115155e-08,
    "epoch2000_test_loss": 0.7198946885764599
}