{
    "num_epochs": 2000,
    "hidden_dim": 720,
    "batch_size": 128,
    "samples": 4000,
    "num_parameters": 572410,
    "epoch500_train_loss": 2.417606523863469e-06,
    "epoch500_test_loss": 0.42432051338255405,
    "epoch1000_train_loss": 9.10949816967932e-09,
    "epoch1000_test_loss": 0.6099341027438641,
    "epoch1500_train_loss": 3.9793117423414515e-07,
    "epoch1500_test_loss": 0.8887888640165329,
    "epoch2000_train_loss": 1.0739312529539635e-08,
    "epoch2000_test_loss": 0.8098270669579506
}