{
    "num_epochs": 2000,
    "hidden_dim": 1700,
    "batch_size": 128,
    "samples": 4000,
    "num_parameters": 1351510,
    "epoch500_train_loss": 8.61180023292718e-07,
    "epoch500_test_loss": 0.3766003157943487,
    "epoch1000_train_loss": 1.10885584256315e-08,
    "epoch1000_test_loss": 0.5313886143267155,
    "epoch1500_train_loss": 1.0521018378728542e-07,
    "epoch1500_test_loss": 0.6691302359104156,
    "epoch2000_train_loss": 1.6160132511044978e-06,
    "epoch2000_test_loss": 0.7520061284303665
}