{
    "num_epochs": 2000,
    "hidden_dim": 780,
    "batch_size": 128,
    "samples": 4000,
    "num_parameters": 620110,
    "epoch500_train_loss": 2.1361183470958167e-06,
    "epoch500_test_loss": 0.41892307065427303,
    "epoch1000_train_loss": 9.45874412822123e-09,
    "epoch1000_test_loss": 0.6053097918629646,
    "epoch1500_train_loss": 1.634465486288761e-07,
    "epoch1500_test_loss": 0.7881420366466045,
    "epoch2000_train_loss": 1.1234077487709548e-08,
    "epoch2000_test_loss": 0.7670876048505306
}