{
    "num_epochs": 2000,
    "hidden_dim": 20,
    "batch_size": 128,
    "samples": 4000,
    "num_parameters": 15910,
    "epoch500_train_loss": 0.010385411529568955,
    "epoch500_test_loss": 0.42922501266002655,
    "epoch1000_train_loss": 0.00010139483470084087,
    "epoch1000_test_loss": 0.7126633301377296,
    "epoch1500_train_loss": 4.3000838179096945e-07,
    "epoch1500_test_loss": 1.0817171484231949,
    "epoch2000_train_loss": 9.255017335840776e-09,
    "epoch2000_test_loss": 1.3778740912675858
}