{
    "num_epochs": 2000,
    "hidden_dim": 26,
    "batch_size": 128,
    "samples": 4000,
    "num_parameters": 20680,
    "epoch500_train_loss": 0.004079260288563091,
    "epoch500_test_loss": 0.44205890595912933,
    "epoch1000_train_loss": 1.3363003944277807e-05,
    "epoch1000_test_loss": 0.7824172005057335,
    "epoch1500_train_loss": 3.05008111545213e-08,
    "epoch1500_test_loss": 1.156119890511036,
    "epoch2000_train_loss": 8.760252183381834e-09,
    "epoch2000_test_loss": 1.359909676015377
}