{
    "final_train_loss": 0.007076640158802981,
    "final_test_loss": 0.40044969599694014,
    "final_train_acc": 100.0,
    "final_test_acc": 90.2,
    "num_epochs": 250,
    "hidden_dim": 32
}