{
    "final_train_loss": 1.4457669025990158e-07,
    "final_test_loss": 0.3599282195791602,
    "final_train_acc": 100.0,
    "final_test_acc": 94.1,
    "num_epochs": 250,
    "hidden_dim": 32768
}