{
    "final_train_loss": 2.8508248876263794e-05,
    "final_test_loss": 0.4171667695045471,
    "final_train_acc": 100.0,
    "final_test_acc": 93.5,
    "num_epochs": 250,
    "hidden_dim": 256
}