{
    "final_train_loss": 6.241338710758158e-08,
    "final_test_loss": 0.3894503954797983,
    "final_train_acc": 100.0,
    "final_test_acc": 93.6,
    "num_epochs": 250,
    "hidden_dim": 262144
}