{
    "final_train_loss": 0.001482624370264747,
    "final_test_loss": 0.4320573005825281,
    "final_train_acc": 100.0,
    "final_test_acc": 91.6,
    "num_epochs": 250,
    "hidden_dim": 64
}