{
    "final_train_loss": 1.0525421708810053e-08,
    "final_test_loss": 0.7312396981287748,
    "final_train_acc": 100.0,
    "final_test_acc": 93.8,
    "num_epochs": 250,
    "hidden_dim": 1048576
}