{
    "final_train_loss": 3.761947874907145e-07,
    "final_test_loss": 0.3517604931257665,
    "final_train_acc": 100.0,
    "final_test_acc": 94.0,
    "num_epochs": 250,
    "hidden_dim": 8192
}