{
    "final_train_loss": 6.08759652634273e-08,
    "final_test_loss": 0.43314828956499696,
    "final_train_acc": 100.0,
    "final_test_acc": 93.5,
    "num_epochs": 250,
    "hidden_dim": 524288
}