{
    "final_train_loss": 7.231792575714013e-08,
    "final_test_loss": 0.37545396899804473,
    "final_train_acc": 100.0,
    "final_test_acc": 94.0,
    "num_epochs": 250,
    "hidden_dim": 131072
}