{
    "final_train_loss": 1.4679347526590202e-06,
    "final_test_loss": 0.3835266581736505,
    "final_train_acc": 100.0,
    "final_test_acc": 94.1,
    "num_epochs": 250,
    "hidden_dim": 2048
}