{
    "final_train_loss": 2.2644429129687047e-07,
    "final_test_loss": 0.36906329402700067,
    "final_train_acc": 100.0,
    "final_test_acc": 94.1,
    "num_epochs": 250,
    "hidden_dim": 16384
}