{
    "final_train_loss": 0.0001520230475256944,
    "final_test_loss": 0.422031844034791,
    "final_train_acc": 100.0,
    "final_test_acc": 93.0,
    "num_epochs": 250,
    "hidden_dim": 128
}